Project Name,Package Name,Type Name,Design Smell,Cause of the Smell,,,,,,,,,,,,,,
symphony,org.b3log.symphony.cache,ArticleCache,Cyclically-dependent Modularization,The tool detected the smell in this class because this class participates in a cyclic dependency. The participating classes in the cycle are: UserMgmtService; UserRepository; UserCache; Sessions; UserExt; Symphonys; OptionQueryService; UserChannel; ArticleChannel; UserQueryService; AvatarQueryService; PointtransferRepository; Pointtransfer; RoleQueryService; Server; InitMgmtService; TagRepository; TagCache; Tag; Markdowns; TagArticleRepository; TagMgmtService; TagTagRepository; UserTagRepository; DomainTagRepository; FollowMgmtService; ArticleRepository; ArticleCache; ArticleQueryService; CommentRepository; CommentQueryService; RevisionQueryService; ShortLinkQueryService; FollowQueryService; TagQueryService; UserRegisterValidationMidware; CaptchaProcessor; LoginProcessor; PointtransferMgmtService; DataModelService; ActivityQueryService; PointtransferQueryService; LivenessQueryService; LivenessRepository; Liveness; DomainCache; DomainQueryService; BreezemoonQueryService; Images; VerifycodeMgmtService; Mails; InvitecodeMgmtService; NotificationMgmtService; LoginCheckMidware; CSRFMidware; UserForgetPwdValidationMidware; UserRegister2ValidationMidware; SkinRenderer; ArticleMgmtService; LivenessMgmtService; SearchMgmtService; AudioMgmtService; FileUploadProcessor; ArticleAddNotifier; ArticleUpdateNotifier; ArticleBaiduSender; CommentNotifier; CommentUpdateNotifier; ArticleSearchAdder; ArticleSearchUpdater; ArticleAddAudioHandler; ArticleUpdateAudioHandler; CronMgmtService; NotificationQueryService; CommentMgmtService; MailMgmtService; CacheMgmtService; StatisticProcessor; Router; GobangChannel; ActivityMgmtService; ErrorProcessor; AnonymousViewCheckMidware; SearchProcessor; SearchQueryService; SitemapProcessor; SitemapQueryService; ForwardProcessor; LinkMgmtService; Links; DomainProcessor; FeedProcessor; CityProcessor; BreezemoonProcessor; BreezemoonMgmtService; PermissionMidware; Geos; ArticleProcessor; VoteQueryService; ArticlePostValidationMidware; TagProcessor; ActivityProcessor; Activity1A0001ValidationMidware; Activity1A0001CollectValidationMidware; CommentProcessor; CommentUpdateValidationMidware; CommentAddValidationMidware; TopProcessor; LinkQueryService; UserProcessor; UserCheckMidware; FollowProcessor; ChatroomProcessor; ChatMsgAddValidationMidware; SettingsProcessor; PostExportService; UpdateProfilesValidationMidware; UpdatePasswordValidationMidware; PointTransferValidationMidware; NotificationProcessor; AdminProcessor; DomainMgmtService; RoleMgmtService; ReportMgmtService; ReportQueryService; OperationMgmtService; OperationRepository; Operation; OperationQueryService; VoteProcessor; VoteMgmtService; IndexProcessor,,,,,,,,,,,,,,
symphony,org.b3log.symphony.event,ArticleAddAudioHandler,Cyclically-dependent Modularization,The tool detected the smell in this class because this class participates in a cyclic dependency. The participating classes in the cycle are: UserMgmtService; UserRepository; UserCache; Sessions; UserExt; Symphonys; OptionQueryService; UserChannel; ArticleChannel; UserQueryService; AvatarQueryService; PointtransferRepository; Pointtransfer; RoleQueryService; Server; InitMgmtService; TagRepository; TagCache; Tag; Markdowns; TagArticleRepository; TagMgmtService; TagTagRepository; UserTagRepository; DomainTagRepository; FollowMgmtService; ArticleRepository; ArticleCache; ArticleQueryService; CommentRepository; CommentQueryService; RevisionQueryService; ShortLinkQueryService; FollowQueryService; TagQueryService; UserRegisterValidationMidware; CaptchaProcessor; LoginProcessor; PointtransferMgmtService; DataModelService; ActivityQueryService; PointtransferQueryService; LivenessQueryService; LivenessRepository; Liveness; DomainCache; DomainQueryService; BreezemoonQueryService; Images; VerifycodeMgmtService; Mails; InvitecodeMgmtService; NotificationMgmtService; LoginCheckMidware; CSRFMidware; UserForgetPwdValidationMidware; UserRegister2ValidationMidware; SkinRenderer; ArticleMgmtService; LivenessMgmtService; SearchMgmtService; AudioMgmtService; FileUploadProcessor; ArticleAddNotifier; ArticleUpdateNotifier; ArticleBaiduSender; CommentNotifier; CommentUpdateNotifier; ArticleSearchAdder; ArticleSearchUpdater; ArticleAddAudioHandler; ArticleUpdateAudioHandler; CronMgmtService; NotificationQueryService; CommentMgmtService; MailMgmtService; CacheMgmtService; StatisticProcessor; Router; GobangChannel; ActivityMgmtService; ErrorProcessor; AnonymousViewCheckMidware; SearchProcessor; SearchQueryService; SitemapProcessor; SitemapQueryService; ForwardProcessor; LinkMgmtService; Links; DomainProcessor; FeedProcessor; CityProcessor; BreezemoonProcessor; BreezemoonMgmtService; PermissionMidware; Geos; ArticleProcessor; VoteQueryService; ArticlePostValidationMidware; TagProcessor; ActivityProcessor; Activity1A0001ValidationMidware; Activity1A0001CollectValidationMidware; CommentProcessor; CommentUpdateValidationMidware; CommentAddValidationMidware; TopProcessor; LinkQueryService; UserProcessor; UserCheckMidware; FollowProcessor; ChatroomProcessor; ChatMsgAddValidationMidware; SettingsProcessor; PostExportService; UpdateProfilesValidationMidware; UpdatePasswordValidationMidware; PointTransferValidationMidware; NotificationProcessor; AdminProcessor; DomainMgmtService; RoleMgmtService; ReportMgmtService; ReportQueryService; OperationMgmtService; OperationRepository; Operation; OperationQueryService; VoteProcessor; VoteMgmtService; IndexProcessor,,,,,,,,,,,,,,
symphony,org.b3log.symphony.event,EventTypes,Deficient Encapsulation,The tool detected the smell in this class because the class exposes fields belonging to it with public accessibility. Following fields are declared with public accessiblity: ADD_ARTICLE; UPDATE_ARTICLE; ADD_COMMENT_TO_ARTICLE; UPDATE_COMMENT,,,,,,,,,,,,,,
symphony,org.b3log.symphony.model,Article,Deficient Encapsulation,The tool detected the smell in this class because the class exposes fields belonging to it with public accessibility. Following fields are declared with public accessiblity: ARTICLE; ARTICLES; ARTICLE_TITLE; ARTICLE_CONTENT; ARTICLE_REWARD_CONTENT; ARTICLE_REWARD_POINT; ARTICLE_TAGS; ARTICLE_AUTHOR_ID; ARTICLE_COMMENT_CNT; ARTICLE_VIEW_CNT; ARTICLE_PERMALINK; ARTICLE_CREATE_TIME; ARTICLE_CREATE_TIME_STR; ARTICLE_UPDATE_TIME; ARTICLE_UPDATE_TIME_STR; ARTICLE_LATEST_CMT_TIME; ARTICLE_LATEST_CMT_TIME_STR; ARTICLE_LATEST_CMTER_NAME; ARTICLE_RANDOM_DOUBLE; ARTICLE_COMMENTABLE; ARTICLE_EDITOR_TYPE; ARTICLE_STATUS; ARTICLE_TYPE; ARTICLE_THANK_CNT; ARTICLE_GOOD_CNT; ARTICLE_BAD_CNT; ARTICLE_COLLECT_CNT; ARTICLE_WATCH_CNT; REDDIT_SCORE; ARTICLE_CITY; ARTICLE_IP; ARTICLE_UA; ARTICLE_STICK; ARTICLE_ANONYMOUS; ARTICLE_PERFECT; ARTICLE_ANONYMOUS_VIEW; ARTICLE_AUDIO_URL; ARTICLE_QNA_OFFER_POINT; ARTICLE_PUSH_ORDER; ARTICLE_IMG1_URL; ARTICLE_REVISION_COUNT; ARTICLE_T_LATEST_CMT; ARTICLE_T_PREVIOUS; ARTICLE_T_NEXT; ARTICLE_T_TAG_OBJS; ARTICLE_T_VOTE; ARTICLE_T_IS_STICK; ARTICLE_T_STICK_REMAINS; ARTICLE_T_PREVIEW_CONTENT; ARTICLE_T_THUMBNAIL_URL; ARTICLE_T_VIEW_CNT_DISPLAY_FORMAT; ARTICLE_T_ID; ARTICLE_T_IDS; ARTICLE_T_AUTHOR; ARTICLE_T_AUTHOR_THUMBNAIL_URL; ARTICLE_T_AUTHOR_NAME; ARTICLE_T_AUTHOR_URL; ARTICLE_T_AUTHOR_INTRO; ARTICLE_T_COMMENTS; ARTICLE_T_NICE_COMMENTS; ARTICLE_T_OFFERED_COMMENT; ARTICLE_T_PARTICIPANTS; ARTICLE_T_PARTICIPANT_NAME; ARTICLE_T_PARTICIPANT_THUMBNAIL_URL; ARTICLE_T_PARTICIPANT_URL; ARTICLE_T_TITLE_EMOJI; ARTICLE_T_TITLE_EMOJI_UNICODE; ARTICLE_T_HEAT; ARTICLE_T_TOC; ARTICLE_T_ORIGINAL_CONTENT; ARTICLE_T_NOTIFY_FOLLOWERS; ARTICLE_SHOW_IN_LIST; ARTICLE_ANONYMOUS_C_PUBLIC; ARTICLE_ANONYMOUS_C_ANONYMOUS; ARTICLE_PERFECT_C_NOT_PERFECT; ARTICLE_PERFECT_C_PERFECT; ARTICLE_ANONYMOUS_VIEW_C_USE_GLOBAL; ARTICLE_ANONYMOUS_VIEW_C_NOT_ALLOW; ARTICLE_ANONYMOUS_VIEW_C_ALLOW; ARTICLE_STATUS_C_VALID; ARTICLE_STATUS_C_INVALID; ARTICLE_STATUS_C_LOCKED; ARTICLE_TYPE_C_NORMAL; ARTICLE_TYPE_C_DISCUSSION; ARTICLE_TYPE_C_CITY_BROADCAST; ARTICLE_TYPE_C_THOUGHT; ARTICLE_TYPE_C_QNA; ARTICLE_SHOW_IN_LIST_C_NOT; ARTICLE_SHOW_IN_LIST_C_YES,,,,,,,,,,,,,,
symphony,org.b3log.symphony.model,Breezemoon,Deficient Encapsulation,The tool detected the smell in this class because the class exposes fields belonging to it with public accessibility. Following fields are declared with public accessiblity: BREEZEMOON; BREEZEMOONS; BREEZEMOON_CONTENT; BREEZEMOON_AUTHOR_ID; BREEZEMOON_CREATED; BREEZEMOON_UPDATED; BREEZEMOON_IP; BREEZEMOON_UA; BREEZEMOON_STATUS; BREEZEMOON_CITY; BREEZEMOON_STATUS_C_VALID; BREEZEMOON_STATUS_C_INVALID; BREEZEMOON_T_AUTHOR_NAME; BREEZEMOON_T_AUTHOR_THUMBNAIL_URL; BREEZEMOON_T_CREATE_TIME,,,,,,,,,,,,,,
symphony,org.b3log.symphony.model,Breezemoon,Broken Modularization,The tool detected the smell in this class because it contains only data members without any method implementation. Following fields are declared in this class: BREEZEMOON; BREEZEMOONS; BREEZEMOON_CONTENT; BREEZEMOON_AUTHOR_ID; BREEZEMOON_CREATED; BREEZEMOON_UPDATED; BREEZEMOON_IP; BREEZEMOON_UA; BREEZEMOON_STATUS; BREEZEMOON_CITY; BREEZEMOON_STATUS_C_VALID; BREEZEMOON_STATUS_C_INVALID; BREEZEMOON_T_AUTHOR_NAME; BREEZEMOON_T_AUTHOR_THUMBNAIL_URL; BREEZEMOON_T_CREATE_TIME,,,,,,,,,,,,,,
symphony,org.b3log.symphony.model,Character,Deficient Encapsulation,The tool detected the smell in this class because the class exposes fields belonging to it with public accessibility. Following fields are declared with public accessiblity: CHARACTER; CHARACTERS; CHARACTER_USER_ID; CHARACTER_IMG; CHARACTER_CONTENT; FONT,,,,,,,,,,,,,,
symphony,org.b3log.symphony.model,Comment,Deficient Encapsulation,The tool detected the smell in this class because the class exposes fields belonging to it with public accessibility. Following fields are declared with public accessiblity: COMMENT; COMMENTS; COMMENT_CONTENT; COMMENT_CREATE_TIME; COMMENT_CREATE_TIME_STR; COMMENT_AUTHOR_ID; COMMENT_ON_ARTICLE_ID; COMMENT_SHARP_URL; COMMENT_ORIGINAL_COMMENT_ID; COMMENT_STATUS; COMMENT_IP; COMMENT_UA; COMMENT_ANONYMOUS; COMMENT_THANK_CNT; COMMENT_GOOD_CNT; COMMENT_BAD_CNT; COMMENT_SCORE; COMMENT_REPLY_CNT; COMMENT_AUDIO_URL; COMMENT_QNA_OFFERED; COMMENT_VISIBLE; COMMENT_REVISION_COUNT; COMMENT_T_VOTE; COMMENT_T_COMMENTER; COMMENT_T_AUTHOR_EMAIL; COMMENT_T_ID; COMMENT_T_IDS; COMMENT_T_SYMPHONY_ID; COMMENT_T_AUTHOR_THUMBNAIL_URL; COMMENT_T_AUTHOR_NAME; COMMENT_T_AUTHOR_URL; COMMENT_T_ARTICLE_TITLE; COMMENT_T_ARTICLE_TYPE; COMMENT_T_ARTICLE_PERFECT; COMMENT_T_ARTICLE_AUTHOR_NAME; COMMENT_T_ARTICLE_AUTHOR_URL; COMMENT_T_ARTICLE_AUTHOR_THUMBNAIL_URL; COMMENT_T_ARTICLE_PERMALINK; COMMENT_T_THANK_LABEL; COMMENT_T_NICE; COMMENT_T_REPLIES; COMMENT_T_ORIGINAL_AUTHOR_THUMBNAIL_URL; COMMENT_STATUS_C_VALID; COMMENT_STATUS_C_INVALID; COMMENT_ANONYMOUS_C_PUBLIC; COMMENT_ANONYMOUS_C_ANONYMOUS; COMMENT_QNA_OFFERED_C_NOT; COMMENT_QNA_OFFERED_C_YES; COMMENT_VISIBLE_C_ALL; COMMENT_VISIBLE_C_AUTHOR; MAX_COMMENT_CONTENT_LENGTH,,,,,,,,,,,,,,
symphony,org.b3log.symphony.model,Common,Deficient Encapsulation,The tool detected the smell in this class because the class exposes fields belonging to it with public accessibility. Following fields are declared with public accessiblity: OLD_ARTICLE; LOCK; IS_SINGLE_BREEZEMOON_URL; OFFERED; QUERY; CMD; USER_AGENT; ADD_ARTICLE_DOMAINS; ALL_DOMAINS; DATA; MANS; MAN_HTML; MAN_CMD; REQUISITE; REQUISITE_MSG; COMMAND; NEED_CAPTCHA; WRON_COUNT; REMEMBER_LOGIN; STICK_ARTICLES; ID; NAME; LANGUAGES; TIMEZONES; SELECTED; INVITED_USER_COUNT; SYS_ANNOUNCE_NOTIFICATIONS; UNREAD_SYS_ANNOUNCE_NOTIFICATION_CNT; UNREAD_NEW_FOLLOWER_NOTIFICATION_CNT; MOUSE_EFFECTS; IS_MOBILE; MESSAGES; MAX_LENGTH_UA; MAX_LENGTH_URL; WORDS; WORD; KEY; MONEY; TITLE; WEBSOCKET_SCHEME; BROADCAST_POINT; AT; TIME_AGO; CMT_TIME_AGO; TIME; REWARED_COUNT; THANKED_COUNT; CSRF_TOKEN; LUTE_AVAILABLE; CITY; CITY_FOUND; COUNTRY; PROVINCE; IS_RESERVED; DATA_ID; MEMO; POINT; ELAPSED; CLOSED_1A0001; CLOSED; END; HOUR; COLLECTED; PARTICIPATED; TO_USER; AMOUNT; SMALL_OR_LARGE; IS_DAILY_CHECKIN; MINI_POSTFIX; MINI_POSTFIX_VALUE; STATIC_RESOURCE_VERSION; GOTO; CURRENT_USER; CURRENT; IS_LOGGED_IN; IS_ADMIN_LOGGED_IN; IS_FOLLOWING; IS_WATCHING; IS_MY_ARTICLE; LOGOUT_URL; TYPE; RECENT_ARTICLES; RECENT; QNA; WATCH; WATCHING_ARTICLES; WATCHING_BREEZEMOONS; HOT; PERFECT_ARTICLES; PERFECT; SIDE_TAGS; SIDE_BREEZEMOONS; NAV_TREND_TAGS; NEW_TAGS; TREND_TAGS; COLD_TAGS; SIDE_HOT_ARTICLES; SIDE_RANDOM_ARTICLES; SIDE_RELEVANT_ARTICLES; SIDE_LATEST_CMTS; LATEST_ARTICLES; INDEX_ARTICLES; INDEX; USER_HOME_ARTICLES; USER_HOME_COMMENTS; USER_HOME_BREEZEMOONS; USER_HOME_FOLLOWING_USERS; USER_HOME_FOLLOWING_TAGS; USER_HOME_FOLLOWING_ARTICLES; USER_HOME_FOLLOWER_USERS; USER_HOME_POINTS; POINT_NOTIFICATIONS; UNREAD_POINT_NOTIFICATION_CNT; COMMENTED_NOTIFICATIONS; REPLY_NOTIFICATIONS; UNREAD_NOTIFICATION_CNT; UNREAD_COMMENTED_NOTIFICATION_CNT; UNREAD_REPLY_NOTIFICATION_CNT; AT_NOTIFICATIONS; UNREAD_AT_NOTIFICATION_CNT; FOLLOWING_NOTIFICATIONS; UNREAD_BROADCAST_NOTIFICATION_CNT; BROADCAST_NOTIFICATIONS; UNREAD_FOLLOWING_NOTIFICATION_CNT; FOLLOWING_USER_CNT; FOLLOWING_ARTICLE_CNT; FOLLOWING_TAG_CNT; AUTHOR_NAME; UA; IP; CONTENT; THUMBNAIL_URL; URL; CREATE_TIME; VERSION; YEAR; SITE_VISIT_STAT_CODE; FOOTER_BEI_AN_HAO; IMAGE_MAX_SIZE; FILE_MAX_SIZE; ONLINE_VISITOR_CNT; ONLINE_MEMBER_CNT; ONLINE_CHAT_CNT; ARTICLE_CHANNEL_CNT; ARTICLE_LIST_CHANNEL_CNT; THREAD_CNT; DB_CONN_CNT; ARTICLE_COMMENTS_PAGE_SIZE; WEIGHT; DISCUSSION_VIEWABLE; USER_NAMES; OPERATION; REWARDED; THANKED; DISPLAY_TYPE; DESCRIPTION; BALANCE; REFERRAL; TOP_BALANCE_USERS; TOP_CONSUMPTION_USERS; TOP_CHECKIN_USERS; TOP_LINKS; TOP,,,,,,,,,,,,,,
symphony,org.b3log.symphony.model,Domain,Deficient Encapsulation,The tool detected the smell in this class because the class exposes fields belonging to it with public accessibility. Following fields are declared with public accessiblity: DOMAIN; DOMAINS; DOMAIN_TITLE; DOMAIN_URI; DOMAIN_DESCRIPTION; DOMAIN_TYPE; DOMAIN_SORT; DOMAIN_NAV; DOMAIN_TAG_COUNT; DOMAIN_ICON_PATH; DOMAIN_CSS; DOMAIN_STATUS; DOMAIN_SEO_TITLE; DOMAIN_SEO_KEYWORDS; DOMAIN_SEO_DESC; DOMAIN_T_COUNT; DOMAIN_T_TAGS; DOMAIN_T_ID; DOMAIN_STATUS_C_VALID; DOMAIN_STATUS_C_INVALID; DOMAIN_NAV_C_ENABLED; DOMAIN_NAV_C_DISABLED,,,,,,,,,,,,,,
symphony,org.b3log.symphony.model,Emotion,Deficient Encapsulation,The tool detected the smell in this class because the class exposes fields belonging to it with public accessibility. Following fields are declared with public accessiblity: EMOTION; EMOTIONS; EMOTION_USER_ID; EMOTION_CONTENT; EMOTION_SORT; EMOTION_TYPE; EMOTION_TYPE_C_EMOJI; SHORT_T_LIST; EOF_EMOJI,,,,,,,,,,,,,,
symphony,org.b3log.symphony.model,Follow,Deficient Encapsulation,The tool detected the smell in this class because the class exposes fields belonging to it with public accessibility. Following fields are declared with public accessiblity: FOLLOW; FOLLOWS; FOLLOWER_ID; FOLLOWING_ID; FOLLOWING_TYPE; FOLLOWING_TYPE_C_USER; FOLLOWING_TYPE_C_TAG; FOLLOWING_TYPE_C_ARTICLE; FOLLOWING_TYPE_C_ARTICLE_WATCH,,,,,,,,,,,,,,
symphony,org.b3log.symphony.model,Invitecode,Deficient Encapsulation,The tool detected the smell in this class because the class exposes fields belonging to it with public accessibility. Following fields are declared with public accessiblity: INVITECODE; INVITECODES; CODE; GENERATOR_ID; USER_ID; USE_TIME; STATUS; MEMO; STATUS_C_USED; STATUS_C_UNUSED; STATUS_C_STOPUSE,,,,,,,,,,,,,,
symphony,org.b3log.symphony.model,Invitecode,Broken Modularization,The tool detected the smell in this class because it contains only data members without any method implementation. Following fields are declared in this class: INVITECODE; INVITECODES; CODE; GENERATOR_ID; USER_ID; USE_TIME; STATUS; MEMO; STATUS_C_USED; STATUS_C_UNUSED; STATUS_C_STOPUSE,,,,,,,,,,,,,,
symphony,org.b3log.symphony.model,Link,Deficient Encapsulation,The tool detected the smell in this class because the class exposes fields belonging to it with public accessibility. Following fields are declared with public accessiblity: LINK; LINKS; LINK_ADDR_HASH; LINK_ADDR; LINK_TITLE; LINK_SUBMIT_CNT; LINK_CLICK_CNT; LINK_GOOD_CNT; LINK_BAD_CNT; LINK_BAIDU_REF_CNT; LINK_SCORE; LINK_PING_CNT; LINK_PING_ERR_CNT; LINK_PING_TIME; LINK_CARD_HTML; LINK_T_KEYWORDS; LINK_T_HTML; LINK_T_TEXT; LINK_T_COUNT; LINK_T_DESCRIPTION; LINK_T_IMAGE; LINK_T_SITE; LINK_T_SITE_DOMAIN; LINK_T_SITE_ADDR; LINK_T_SITE_ICON,,,,,,,,,,,,,,
symphony,org.b3log.symphony.model,Liveness,Deficient Encapsulation,The tool detected the smell in this class because the class exposes fields belonging to it with public accessibility. Following fields are declared with public accessiblity: LIVENESS; LIVENESS_USER_ID; LIVENESS_DATE; LIVENESS_POINT; LIVENESS_ARTICLE; LIVENESS_COMMENT; LIVENESS_ACTIVITY; LIVENESS_THANK; LIVENESS_VOTE; LIVENESS_REWARD; LIVENESS_PV; LIVENESS_ACCEPT_ANSWER,,,,,,,,,,,,,,
symphony,org.b3log.symphony.model,Liveness,Cyclically-dependent Modularization,The tool detected the smell in this class because this class participates in a cyclic dependency. The participating classes in the cycle are: UserMgmtService; UserRepository; UserCache; Sessions; UserExt; Symphonys; OptionQueryService; UserChannel; ArticleChannel; UserQueryService; AvatarQueryService; PointtransferRepository; Pointtransfer; RoleQueryService; Server; InitMgmtService; TagRepository; TagCache; Tag; Markdowns; TagArticleRepository; TagMgmtService; TagTagRepository; UserTagRepository; DomainTagRepository; FollowMgmtService; ArticleRepository; ArticleCache; ArticleQueryService; CommentRepository; CommentQueryService; RevisionQueryService; ShortLinkQueryService; FollowQueryService; TagQueryService; UserRegisterValidationMidware; CaptchaProcessor; LoginProcessor; PointtransferMgmtService; DataModelService; ActivityQueryService; PointtransferQueryService; LivenessQueryService; LivenessRepository; Liveness; DomainCache; DomainQueryService; BreezemoonQueryService; Images; VerifycodeMgmtService; Mails; InvitecodeMgmtService; NotificationMgmtService; LoginCheckMidware; CSRFMidware; UserForgetPwdValidationMidware; UserRegister2ValidationMidware; SkinRenderer; ArticleMgmtService; LivenessMgmtService; SearchMgmtService; AudioMgmtService; FileUploadProcessor; ArticleAddNotifier; ArticleUpdateNotifier; ArticleBaiduSender; CommentNotifier; CommentUpdateNotifier; ArticleSearchAdder; ArticleSearchUpdater; ArticleAddAudioHandler; ArticleUpdateAudioHandler; CronMgmtService; NotificationQueryService; CommentMgmtService; MailMgmtService; CacheMgmtService; StatisticProcessor; Router; GobangChannel; ActivityMgmtService; ErrorProcessor; AnonymousViewCheckMidware; SearchProcessor; SearchQueryService; SitemapProcessor; SitemapQueryService; ForwardProcessor; LinkMgmtService; Links; DomainProcessor; FeedProcessor; CityProcessor; BreezemoonProcessor; BreezemoonMgmtService; PermissionMidware; Geos; ArticleProcessor; VoteQueryService; ArticlePostValidationMidware; TagProcessor; ActivityProcessor; Activity1A0001ValidationMidware; Activity1A0001CollectValidationMidware; CommentProcessor; CommentUpdateValidationMidware; CommentAddValidationMidware; TopProcessor; LinkQueryService; UserProcessor; UserCheckMidware; FollowProcessor; ChatroomProcessor; ChatMsgAddValidationMidware; SettingsProcessor; PostExportService; UpdateProfilesValidationMidware; UpdatePasswordValidationMidware; PointTransferValidationMidware; NotificationProcessor; AdminProcessor; DomainMgmtService; RoleMgmtService; ReportMgmtService; ReportQueryService; OperationMgmtService; OperationRepository; Operation; OperationQueryService; VoteProcessor; VoteMgmtService; IndexProcessor,,,,,,,,,,,,,,
symphony,org.b3log.symphony.model,Notification,Deficient Encapsulation,The tool detected the smell in this class because the class exposes fields belonging to it with public accessibility. Following fields are declared with public accessiblity: NOTIFICATION; NOTIFICATIONS; NOTIFICATION_USER_ID; NOTIFICATION_DATA_ID; NOTIFICATION_DATA_TYPE; NOTIFICATION_HAS_READ; DATA_TYPE_C_ARTICLE; DATA_TYPE_C_COMMENT; DATA_TYPE_C_AT; DATA_TYPE_C_COMMENTED; DATA_TYPE_C_FOLLOWING_USER; DATA_TYPE_C_POINT_CHARGE; DATA_TYPE_C_POINT_TRANSFER; DATA_TYPE_C_POINT_ARTICLE_REWARD; DATA_TYPE_C_POINT_COMMENT_THANK; DATA_TYPE_C_BROADCAST; DATA_TYPE_C_POINT_EXCHANGE; DATA_TYPE_C_ABUSE_POINT_DEDUCT; DATA_TYPE_C_POINT_ARTICLE_THANK; DATA_TYPE_C_REPLY; DATA_TYPE_C_INVITECODE_USED; DATA_TYPE_C_SYS_ANNOUNCE_ARTICLE; DATA_TYPE_C_SYS_ANNOUNCE_NEW_USER; DATA_TYPE_C_NEW_FOLLOWER; DATA_TYPE_C_INVITATION_LINK_USED; DATA_TYPE_C_SYS_ANNOUNCE_ROLE_CHANGED; DATA_TYPE_C_FOLLOWING_ARTICLE_UPDATE; DATA_TYPE_C_FOLLOWING_ARTICLE_COMMENT; DATA_TYPE_C_POINT_PERFECT_ARTICLE; DATA_TYPE_C_ARTICLE_NEW_FOLLOWER; DATA_TYPE_C_ARTICLE_NEW_WATCHER; DATA_TYPE_C_COMMENT_VOTE_UP; DATA_TYPE_C_COMMENT_VOTE_DOWN; DATA_TYPE_C_ARTICLE_VOTE_UP; DATA_TYPE_C_ARTICLE_VOTE_DOWN; DATA_TYPE_C_POINT_COMMENT_ACCEPT; DATA_TYPE_C_POINT_REPORT_HANDLED; NOTIFICATION_T_UNREAD_COUNT; NOTIFICATION_T_AT_IN_ARTICLE; NOTIFICATION_T_IS_COMMENT,,,,,,,,,,,,,,
symphony,org.b3log.symphony.model,Operation,Deficient Encapsulation,The tool detected the smell in this class because the class exposes fields belonging to it with public accessibility. Following fields are declared with public accessiblity: OPERATION; OPERATIONS; OPERATION_USER_ID; OPERATION_CODE; OPERATION_DATA_ID; OPERATION_CREATED; OPERATION_IP; OPERATION_UA; OPERATION_CODE_C_MAKE_REPORT_IGNORED; OPERATION_CODE_C_MAKE_REPORT_HANDLED; OPERATION_CODE_C_UPDATE_USER_ADDR; OPERATION_CODE_C_REMOVE_ROLE; OPERATION_CODE_C_CHANGE_ARTICLE_EMAIL_PUSH_ORDER; OPERATION_CODE_C_UPDATE_BREEZEMOON; OPERATION_CODE_C_REMOVE_BREEZEMOON; OPERATION_CODE_C_PUSH_TELEGRAM; OPERATION_CODE_C_WITHDRAW_B3T; OPERATION_CODE_C_REMOVE_UNUSED_TAGS; OPERAIONT_CODE_C_ADD_ROLE; OPERATION_CODE_C_UPDATE_ROLE_PERMS; OPERATION_CODE_C_ADD_AD_POS; OPERATION_CODE_C_UPDATE_AD_POS; OPERATION_CODE_C_ADD_TAG; OPERATION_CODE_C_STICK_ARTICLE; OPERATION_CODE_C_CANCEL_STICK_ARTICLE; OPERATION_CODE_C_GENERATE_INVITECODES; OPERATION_CODE_C_UPDATE_INVITECODE; OPERATION_CODE_C_ADD_ARTICLE; OPERATION_CODE_C_ADD_RESERVED_WORD; OPERATION_CODE_C_UPDATE_RESERVED_WORD; OPERATION_CODE_C_REMOVE_RESERVED_WORD; OPERATION_CODE_C_REMOVE_COMMENT; OPERATION_CODE_C_REMOVE_ARTICLE; OPERATION_CODE_C_ADD_USER; OPERATION_CODE_C_UPDATE_USER; OPERATION_CODE_C_UPDATE_USER_EMAIL; OPERATION_CODE_C_UPDATE_USER_NAME; OPERATION_CODE_C_CHARGE_POINT; OPERATION_CODE_C_DEDUCT_POINT; OPERATION_CODE_C_INIT_POINT; OPERATION_CODE_C_EXCHANGE_POINT; OPERATION_CODE_C_UPDATE_ARTICLE; OPERATION_CODE_C_UPDATE_COMMENT; OPERATION_CODE_C_UPDATE_MISC; OPERATION_CODE_C_UPDATE_TAG; OPERATION_CODE_C_UPDATE_DOMAIN; OPERATION_CODE_C_ADD_DOMAIN; OPERATION_CODE_C_REMOVE_DOMAIN; OPERATION_CODE_C_ADD_DOMAIN_TAG; OPERATION_CODE_C_REMOVE_DOMAIN_TAG; OPERATION_CODE_C_REBUILD_ALGOLIA_TAG; OPERATION_CODE_C_REBUILD_ALGOLIA_USER; OPERATION_CODE_C_REBUILD_ARTICLES_SEARCH; OPERATION_CODE_C_REBUILD_ARTICLE_SEARCH; OPERATION_T_USER_NAME; OPERATION_T_CONTENT; OPERATION_T_TIME,,,,,,,,,,,,,,
symphony,org.b3log.symphony.model,Option,Deficient Encapsulation,The tool detected the smell in this class because the class exposes fields belonging to it with public accessibility. Following fields are declared with public accessiblity: OPTION; OPTIONS; OPTION_VALUE; OPTION_CATEGORY; ID_C_STATISTIC_MEMBER_COUNT; ID_C_STATISTIC_ARTICLE_COUNT; ID_C_STATISTIC_DOMAIN_COUNT; ID_C_STATISTIC_TAG_COUNT; ID_C_STATISTIC_LINK_COUNT; ID_C_STATISTIC_CMT_COUNT; ID_C_STATISTIC_MAX_ONLINE_VISITOR_COUNT; ID_C_MISC_ALLOW_REGISTER; ID_C_MISC_ALLOW_ANONYMOUS_VIEW; ID_C_MISC_ALLOW_ADD_ARTICLE; ID_C_MISC_ALLOW_ADD_COMMENT; ID_C_MISC_LANGUAGE; ID_C_MISC_ARTICLE_VISIT_COUNT_MODE; ID_C_SIDE_FULL_AD; ID_C_HEADER_BANNER; CATEGORY_C_STATISTIC; CATEGORY_C_MISC; CATEGORY_C_RESERVED_WORDS; CATEGORY_C_AD,,,,,,,,,,,,,,
symphony,org.b3log.symphony.model,Permission,Deficient Encapsulation,The tool detected the smell in this class because the class exposes fields belonging to it with public accessibility. Following fields are declared with public accessiblity: PERMISSION; PERMISSIONS; PERMISSION_CATEGORY; PERMISSION_ID; PERMISSION_T_CATEGORIES; PERMISSION_T_LABEL; PERMISSION_T_GRANT; PERMISSION_ID_C_COMMON_ADD_ARTICLE; PERMISSION_ID_C_COMMON_ADD_ARTICLE_ANONYMOUS; PERMISSION_ID_C_COMMON_UPDATE_ARTICLE; PERMISSION_ID_C_COMMON_REMOVE_ARTICLE; PERMISSION_ID_C_COMMON_ADD_COMMENT; PERMISSION_ID_C_COMMON_ADD_BREEZEMOON; PERMISSION_ID_C_COMMON_UPDATE_BREEZEMOON; PERMISSION_ID_C_COMMON_REMOVE_BREEZEMOON; PERMISSION_ID_C_COMMON_ADD_COMMENT_ANONYMOUS; PERMISSION_ID_C_COMMON_UPDATE_COMMENT; PERMISSION_ID_C_COMMON_REMOVE_COMMENT; PERMISSION_ID_C_COMMON_VIEW_COMMENT_HISTORY; PERMISSION_ID_C_COMMON_STICK_ARTICLE; PERMISSION_ID_C_COMMON_THANK_ARTICLE; PERMISSION_ID_C_COMMON_GOOD_ARTICLE; PERMISSION_ID_C_COMMON_BAD_ARTICLE; PERMISSION_ID_C_COMMON_FOLLOW_ARTICLE; PERMISSION_ID_C_COMMON_WATCH_ARTICLE; PERMISSION_ID_C_COMMON_VIEW_ARTICLE_HISTORY; PERMISSION_ID_C_COMMON_THANK_COMMENT; PERMISSION_ID_C_COMMON_GOOD_COMMENT; PERMISSION_ID_C_COMMON_BAD_COMMENT; PERMISSION_ID_C_COMMON_AT_USER; PERMISSION_ID_C_COMMON_AT_PARTICIPANTS; PERMISSION_ID_C_COMMON_EXCHANGE_INVITATION_CODE; PERMISSION_ID_C_COMMON_USE_INVITATION_LINK; PERMISSION_ID_C_USER_ADD_USER; PERMISSION_ID_C_USER_UPDATE_USER_BASIC; PERMISSION_ID_C_USER_UPDATE_USER_ADVANCED; PERMISSION_ID_C_USER_ADD_POINT; PERMISSION_ID_C_USER_EXCHANGE_POINT; PERMISSION_ID_C_USER_DEDUCT_POINT; PERMISSION_ID_C_ARTICLE_UPDATE_ARTICLE_BASIC; PERMISSION_ID_C_ARTICLE_STICK_ARTICLE; PERMISSION_ID_C_ARTICLE_CANCEL_STICK_ARTICLE; PERMISSION_ID_C_ARTICLE_REINDEX_ARTICLES_INDEX; PERMISSION_ID_C_ARTICLE_REINDEX_ARTICLE_INDEX; PERMISSION_ID_C_ARTICLE_ADD_ARTICLE; PERMISSION_ID_C_ARTICLE_REMOVE_ARTICLE; PERMISSION_ID_C_COMMENT_UPDATE_COMMENT_BASIC; PERMISSION_ID_C_COMMENT_REMOVE_COMMENT; PERMISSION_ID_C_BREEZEMOON_UPDATE_BREEZEMOON; PERMISSION_ID_C_BREEZEMOON_REMOVE_BREEZEMOON; PERMISSION_ID_C_DOMAIN_ADD_DOMAIN; PERMISSION_ID_C_DOMAIN_ADD_DOMAIN_TAG; PERMISSION_ID_C_DOMAIN_REMOVE_DOMAIN_TAG; PERMISSION_ID_C_DOMAIN_UPDATE_DOMAIN_BASIC; PERMISSION_ID_C_DOMAIN_REMOVE_DOMAIN; PERMISSION_ID_C_TAG_UPDATE_TAG_BASIC; PERMISSION_ID_C_RW_ADD_RW; PERMISSION_ID_C_RW_UPDATE_RW_BASIC; PERMISSION_ID_C_RW_REMOVE_RW; PERMISSION_ID_C_IC_GEN_IC; PERMISSION_ID_C_IC_UPDATE_IC_BASIC; PERMISSION_ID_C_AD_UPDATE_SIDE; PERMISSION_ID_C_AD_UPDATE_BANNER; PERMISSION_ID_C_MISC_ALLOW_ADD_ARTICLE; PERMISSION_ID_C_MISC_ALLOW_ADD_COMMENT; PERMISSION_ID_C_MISC_ALLOW_ANONYMOUS_VIEW; PERMISSION_ID_C_MISC_REGISTER_METHOD; PERMISSION_ID_C_MISC_LANGUAGE; PERMISSION_ID_C_MENU_ADMIN; PERMISSION_ID_C_MENU_ADMIN_USERS; PERMISSION_ID_C_MENU_ADMIN_BREEZEMOONS; PERMISSION_ID_C_MENU_ADMIN_ARTICLES; PERMISSION_ID_C_MENU_ADMIN_COMMENTS; PERMISSION_ID_C_MENU_ADMIN_DOMAINS; PERMISSION_ID_C_MENU_ADMIN_TAGS; PERMISSION_ID_C_MENU_ADMIN_RWS; PERMISSION_ID_C_MENU_ADMIN_ICS; PERMISSION_ID_C_MENU_ADMIN_AD; PERMISSION_ID_C_MENU_ADMIN_ROLES; PERMISSION_ID_C_MENU_ADMIN_REPORTS; PERMISSION_ID_C_MENU_ADMIN_MISC; PERMISSION_CATEGORY_C_COMMON; PERMISSION_CATEGORY_C_USER; PERMISSION_CATEGORY_C_ARTICLE; PERMISSION_CATEGORY_C_COMMENT; PERMISSION_CATEGORY_C_DOMAIN; PERMISSION_CATEGORY_C_TAG; PERMISSION_CATEGORY_C_RESERVED_WORD; PERMISSION_CATEGORY_C_IC; PERMISSION_CATEGORY_C_AD; PERMISSION_CATEGORY_C_MISC; PERMISSION_CATEGORY_C_MENU; PERMISSION_CATEGORY_C_BREEZEMOON,,,,,,,,,,,,,,
symphony,org.b3log.symphony.model,Pointtransfer,Deficient Encapsulation,The tool detected the smell in this class because the class exposes fields belonging to it with public accessibility. Following fields are declared with public accessiblity: POINTTRANSFER; POINTTRANSFERS; FROM_ID; TO_ID; SUM; FROM_BALANCE; TO_BALANCE; TIME; TYPE; DATA_ID; MEMO; ID_C_SYS; TRANSFER_TYPE_C_INIT; TRANSFER_SUM_C_INIT; TRANSFER_TYPE_C_ADD_ARTICLE; TRANSFER_SUM_C_ADD_ARTICLE; TRANSFER_TYPE_C_UPDATE_ARTICLE; TRANSFER_SUM_C_UPDATE_ARTICLE; TRANSFER_TYPE_C_ADD_COMMENT; TRANSFER_SUM_C_ADD_COMMENT; TRANSFER_SUM_C_ADD_SELF_ARTICLE_COMMENT; TRANSFER_TYPE_C_ADD_ARTICLE_REWARD; TRANSFER_SUM_C_ADD_ARTICLE_REWARD; TRANSFER_TYPE_C_ARTICLE_REWARD; TRANSFER_TYPE_C_INVITE_REGISTER; TRANSFER_TYPE_C_INVITED_REGISTER; TRANSFER_SUM_C_INVITE_REGISTER; TRANSFER_TYPE_C_ACTIVITY_CHECKIN; TRANSFER_SUM_C_ACTIVITY_CHECKIN_MIN; TRANSFER_SUM_C_ACTIVITY_CHECKIN_MAX; TRANSFER_TYPE_C_ACCOUNT2ACCOUNT; TRANSFER_TYPE_C_ACTIVITY_1A0001; TRANSFER_TYPE_C_ACTIVITY_CHECKIN_STREAK; TRANSFER_SUM_C_ACTIVITY_CHECKINT_STREAK; TRANSFER_TYPE_C_ACTIVITY_1A0001_COLLECT; TRANSFER_TYPE_C_CHARGE; TRANSFER_TYPE_C_COMMENT_REWARD; TRANSFER_TYPE_C_ADD_ARTICLE_BROADCAST; TRANSFER_SUM_C_ADD_ARTICLE_BROADCAST; TRANSFER_TYPE_C_EXCHANGE; TRANSFER_TYPE_C_ABUSE_DEDUCT; TRANSFER_TYPE_C_ACTIVITY_YESTERDAY_LIVENESS_REWARD; TRANSFER_TYPE_C_STICK_ARTICLE; TRANSFER_SUM_C_STICK_ARTICLE; TRANSFER_TYPE_C_AT_PARTICIPANTS; TRANSFER_SUM_C_AT_PARTICIPANTS; TRANSFER_TYPE_C_ACTIVITY_CHARACTER; TRANSFER_SUM_C_ACTIVITY_CHARACTER; TRANSFER_TYPE_C_ARTICLE_THANK; TRANSFER_SUM_C_ARTICLE_THANK; TRANSFER_TYPE_C_DATA_EXPORT; TRANSFER_SUM_C_DATA_EXPORT; TRANSFER_TYPE_C_BUY_INVITECODE; TRANSFER_SUM_C_BUY_INVITECODE; TRANSFER_TYPE_C_INVITECODE_USED; TRANSFER_SUM_C_INVITECODE_USED; TRANSFER_TYPE_C_ACTIVITY_EATINGSNAKE; TRANSFER_SUM_C_ACTIVITY_EATINGSNAKE; TRANSFER_TYPE_C_ACTIVITY_EATINGSNAKE_COLLECT; TRANSFER_TYPE_C_INVITATION_LINK_USED; TRANSFER_TYPE_C_PERFECT_ARTICLE; TRANSFER_SUM_C_PERFECT_ARTICLE; TRANSFER_TYPE_C_ACTIVITY_GOBANG; TRANSFER_TYPE_C_ACTIVITY_GOBANG_COLLECT; TRANSFER_SUM_C_ACTIVITY_GOBANG_START; TRANSFER_TYPE_C_UPDATE_COMMENT; TRANSFER_SUM_C_UPDATE_COMMENT; TRANSFER_TYPE_C_QNA_OFFER; TRANSFER_TYPE_C_REPORT_HANDLED; TRANSFER_SUM_C_REPORT_HANDLED; TRANSFER_TYPE_C_CHANGE_USERNAME; TRANSFER_SUM_C_CHANGE_USERNAME,,,,,,,,,,,,,,
symphony,org.b3log.symphony.model,Referral,Deficient Encapsulation,The tool detected the smell in this class because the class exposes fields belonging to it with public accessibility. Following fields are declared with public accessiblity: REFERRAL; REFERRALS; REFERRAL_USER; REFERRAL_DATA_ID; REFERRAL_TYPE; REFERRAL_IP; REFERRAL_CLICK; REFERRAL_USER_HAS_POINT; REFERRAL_AUTHOR_HAS_POINT; REFERRAL_TYPE_C_ARTICLE,,,,,,,,,,,,,,
symphony,org.b3log.symphony.model,Referral,Broken Modularization,The tool detected the smell in this class because it contains only data members without any method implementation. Following fields are declared in this class: REFERRAL; REFERRALS; REFERRAL_USER; REFERRAL_DATA_ID; REFERRAL_TYPE; REFERRAL_IP; REFERRAL_CLICK; REFERRAL_USER_HAS_POINT; REFERRAL_AUTHOR_HAS_POINT; REFERRAL_TYPE_C_ARTICLE,,,,,,,,,,,,,,
symphony,org.b3log.symphony.model,Report,Deficient Encapsulation,The tool detected the smell in this class because the class exposes fields belonging to it with public accessibility. Following fields are declared with public accessiblity: REPORT; REPORTS; REPORT_USER_ID; REPORT_DATA_ID; REPORT_DATA_TYPE; REPORT_TYPE; REPORT_MEMO; REPORT_HANDLED; REPORT_DATA_TYPE_C_ARTICLE; REPORT_DATA_TYPE_C_COMMENT; REPORT_DATA_TYPE_C_USER; REPORT_TYPE_C_SPAM_AD; REPORT_TYPE_C_PORNOGRAPHIC; REPORT_TYPE_C_VIOLATION_OF_REGULATIONS; REPORT_TYPE_C_ALLEGEDLY_INFRINGING; REPORT_TYPE_C_PERSONAL_ATTACKS; REPORT_TYPE_C_POSING_ACCOUNT; REPORT_TYPE_C_SPAM_AD_ACCOUNT; REPORT_TYPE_C_PERSONAL_INFO_VIOLATION; REPORT_TYPE_C_OTHER; REPORT_HANDLED_C_NOT; REPORT_HANDLED_C_YES; REPORT_HANDLED_C_IGNORED; REPORT_T_USERNAME; REPORT_T_DATA; REPORT_T_DATA_TYPE_STR; REPORT_T_TYPE_STR; REPORT_T_TIME,,,,,,,,,,,,,,
symphony,org.b3log.symphony.model,Revision,Deficient Encapsulation,The tool detected the smell in this class because the class exposes fields belonging to it with public accessibility. Following fields are declared with public accessiblity: REVISION; REVISIONS; REVISION_DATA_TYPE; REVISION_DATA_ID; REVISION_DATA; REVISION_AUTHOR_ID; DATA_TYPE_C_ARTICLE; DATA_TYPE_C_COMMENT,,,,,,,,,,,,,,
symphony,org.b3log.symphony.model,Revision,Broken Modularization,The tool detected the smell in this class because it contains only data members without any method implementation. Following fields are declared in this class: REVISION; REVISIONS; REVISION_DATA_TYPE; REVISION_DATA_ID; REVISION_DATA; REVISION_AUTHOR_ID; DATA_TYPE_C_ARTICLE; DATA_TYPE_C_COMMENT,,,,,,,,,,,,,,
symphony,org.b3log.symphony.model,Reward,Deficient Encapsulation,The tool detected the smell in this class because the class exposes fields belonging to it with public accessibility. Following fields are declared with public accessiblity: REWARD; REWARDS; SENDER_ID; DATA_ID; TYPE; TYPE_C_ARTICLE; TYPE_C_COMMENT; TYPE_C_USER; TYPE_C_THANK_ARTICLE; TYPE_C_ACCEPT_COMMENT,,,,,,,,,,,,,,
symphony,org.b3log.symphony.model,Role,Deficient Encapsulation,The tool detected the smell in this class because the class exposes fields belonging to it with public accessibility. Following fields are declared with public accessiblity: ROLE; ROLES; ROLE_NAME; ROLE_DESCRIPTION; ROLE_ID; ROLE_T_USER_COUNT; ROLE_ID_C_DEFAULT; ROLE_ID_C_ADMIN; ROLE_ID_C_LEADER; ROLE_ID_C_REGULAR; ROLE_ID_C_MEMBER; ROLE_ID_C_VISITOR,,,,,,,,,,,,,,
symphony,org.b3log.symphony.model,Tag,Deficient Encapsulation,The tool detected the smell in this class because the class exposes fields belonging to it with public accessibility. Following fields are declared with public accessiblity: TAG; TAGS; TAG_TITLE; TAG_URI; TAG_ICON_PATH; TAG_CSS; TAG_DESCRIPTION; TAG_REFERENCE_CNT; TAG_COMMENT_CNT; TAG_FOLLOWER_CNT; TAG_LINK_CNT; TAG_STATUS; TAG_GOOD_CNT; TAG_BAD_CNT; TAG_SEO_TITLE; TAG_SEO_KEYWORDS; TAG_SEO_DESC; TAG_RANDOM_DOUBLE; TAG_AD; TAG_SHOW_SIDE_AD; TAG_T_DOMAINS; TAG_T_COUNT; TAG_T_ID; TAG_T_DESCRIPTION_TEXT; TAG_T_CREATE_TIME; TAG_T_CREATOR_THUMBNAIL_URL; TAG_T_CREATOR_NAME; TAG_T_PARTICIPANTS; TAG_T_PARTICIPANT_NAME; TAG_T_PARTICIPANT_THUMBNAIL_URL; TAG_T_PARTICIPANT_THUMBNAIL_UPDATE_TIME; TAG_T_PPARTICIPANT_URL; TAG_T_RELATED_TAGS; TAG_T_TITLE_LOWER_CASE; TAG_TYPE_C_CREATOR; TAG_TYPE_C_ARTICLE; TAG_TYPE_C_USER_SELF; TAG_STATUS_C_VALID; TAG_STATUS_C_INVALID; TAG_TITLE_C_SANDBOX; MAX_TAG_TITLE_LENGTH; MAX_TAG_COUNT; TAG_TITLE_PATTERN_STR; TAG_TITLE_PATTERN; NORMALIZE_MAPPINGS,,,,,,,,,,,,,,
symphony,org.b3log.symphony.model,UserExt,Multifaceted Abstraction,The tool detected the smell in this class because the cohesion among the methods of this class is low. LCOM of this class is: 1.0,,,,,,,,,,,,,,
symphony,org.b3log.symphony.model,UserExt,Deficient Encapsulation,The tool detected the smell in this class because the class exposes fields belonging to it with public accessibility. Following fields are declared with public accessiblity: USER_INDEX_REDIRECT_URL; USER_FORWARD_PAGE_STATUS; USER_GUIDE_STEP; USER_LANGUAGE; USER_TIMEZONE; USER_KEYBOARD_SHORTCUTS_STATUS; USER_SUB_MAIL_STATUS; USER_REPLY_WATCH_ARTICLE_STATUS; USER_SUB_MAIL_SEND_TIME; USER_AVATAR_VIEW_MODE; USER_LIST_PAGE_SIZE; USER_LIST_VIEW_MODE; USER_BREEZEMOON_STATUS; USER_POINT_STATUS; USER_FOLLOWER_STATUS; USER_FOLLOWING_ARTICLE_STATUS; USER_WATCHING_ARTICLE_STATUS; USER_FOLLOWING_TAG_STATUS; USER_FOLLOWING_USER_STATUS; USER_COMMENT_STATUS; USER_ARTICLE_STATUS; USER_ONLINE_STATUS; USER_UA_STATUS; USER_NOTIFY_STATUS; USER_NICKNAME; USER_COMMENT_VIEW_MODE; USER_GEO_STATUS; USER_UPDATE_TIME; USER_CITY; USER_COUNTRY; USER_PROVINCE; USER_SKIN; USER_MOBILE_SKIN; USER_CHECKIN_TIME; USER_LONGEST_CHECKIN_STREAK_START; USER_LONGEST_CHECKIN_STREAK_END; USER_CURRENT_CHECKIN_STREAK_START; USER_CURRENT_CHECKIN_STREAK_END; USER_LONGEST_CHECKIN_STREAK; USER_CURRENT_CHECKIN_STREAK; USER_ARTICLE_COUNT; USER_COMMENT_COUNT; USER_TAG_COUNT; USER_STATUS; USER_POINT; USER_USED_POINT; USER_JOIN_POINT_RANK; USER_JOIN_USED_POINT_RANK; USER_TAGS; USER_QQ; USER_NO; USER_INTRO; USER_AVATAR_TYPE; USER_AVATAR_URL; USER_ONLINE_FLAG; USER_LATEST_ARTICLE_TIME; USER_LATEST_CMT_TIME; USER_LATEST_LOGIN_TIME; USER_LATEST_LOGIN_IP; USER_APP_ROLE; USER_T_CREATE_TIME; USER_T_POINT_HEX; USER_T_POINT_CC; USER_T_NAME_LOWER_CASE; USER_T_ID; USER_SUB_MAIL_STATUS_ENABLED; USER_SUB_MAIL_STATUS_DISABLED; USER_GUIDE_STEP_FIN; USER_GUIDE_STEP_UPLOAD_AVATAR; USER_GUIDE_STEP_FOLLOW_TAGS; USER_GUIDE_STEP_FOLLOW_USERS; USER_GUIDE_STEP_STAR_PROJECT; USER_BUILTIN_EMAIL_SUFFIX; COM_BOT_NAME; COM_BOT_EMAIL; NULL_USER_NAME; ANONYMOUS_USER_NAME; USER_STATUS_C_VALID; USER_STATUS_C_INVALID; USER_STATUS_C_NOT_VERIFIED; USER_STATUS_C_INVALID_LOGIN; USER_STATUS_C_DEACTIVATED; USER_XXX_STATUS_C_ENABLED; USER_XXX_STATUS_C_DISABLED; USER_AVATAR_VIEW_MODE_C_ORIGINAL; USER_AVATAR_VIEW_MODE_C_STATIC; USER_COMMENT_VIEW_MODE_C_TRADITIONAL; USER_COMMENT_VIEW_MODE_C_REALTIME; USER_GEO_STATUS_C_PUBLIC; USER_GEO_STATUS_C_PRIVATE; USER_AVATAR_TYPE_C_GRAVATAR; USER_AVATAR_TYPE_C_EXTERNAL_LINK; USER_AVATAR_TYPE_C_UPLOAD; USER_APP_ROLE_C_HACKER; USER_APP_ROLE_C_PAINTER; USER_LIST_VIEW_MODE_TITLE; USER_LIST_VIEW_MODE_TITLE_ABSTRACT,,,,,,,,,,,,,,
symphony,org.b3log.symphony.model,Verifycode,Deficient Encapsulation,The tool detected the smell in this class because the class exposes fields belonging to it with public accessibility. Following fields are declared with public accessiblity: VERIFYCODE; VERIFYCODES; USER_ID; TYPE; BIZ_TYPE; RECEIVER; CODE; STATUS; EXPIRED; TYPE_C_EMAIL; BIZ_TYPE_C_REGISTER; BIZ_TYPE_C_RESET_PWD; BIZ_TYPE_C_BIND_EMAIL; STATUS_C_UNSENT; STATUS_C_SENT,,,,,,,,,,,,,,
symphony,org.b3log.symphony.model,Visit,Deficient Encapsulation,The tool detected the smell in this class because the class exposes fields belonging to it with public accessibility. Following fields are declared with public accessiblity: VISIT; VISITS; VISIT_URL; VISIT_IP; VISIT_UA; VISIT_CITY; VISIT_DEVICE_ID; VISIT_USER_ID; VISIT_REFERER_URL; VISIT_CREATED; VISIT_EXPIRED,,,,,,,,,,,,,,
symphony,org.b3log.symphony.model,Visit,Broken Modularization,The tool detected the smell in this class because it contains only data members without any method implementation. Following fields are declared in this class: VISIT; VISITS; VISIT_URL; VISIT_IP; VISIT_UA; VISIT_CITY; VISIT_DEVICE_ID; VISIT_USER_ID; VISIT_REFERER_URL; VISIT_CREATED; VISIT_EXPIRED,,,,,,,,,,,,,,
symphony,org.b3log.symphony.model,Vote,Deficient Encapsulation,The tool detected the smell in this class because the class exposes fields belonging to it with public accessibility. Following fields are declared with public accessiblity: VOTE; VOTES; USER_ID; TYPE; DATA_TYPE; DATA_ID; TYPE_C_UP; TYPE_C_DOWN; DATA_TYPE_C_ARTICLE; DATA_TYPE_C_COMMENT; DATA_TYPE_C_USER; DATA_TYPE_C_TAG,,,,,,,,,,,,,,
symphony,org.b3log.symphony.model.sitemap,Sitemap.URL,Unutilized Abstraction,The tool detected the smell in this class because this class is potentially unused. (Please ignore the smell if the reported class is auto-generated and/or used to serve a specific known purpose.),,,,,,,,,,,,,,
symphony,org.b3log.symphony.model.sitemap,Sitemap.URL,Broken Modularization,The tool detected the smell in this class because it contains only data members without any method implementation. Following fields are declared in this class: START_URL_ELEMENT; END_URL_ELEMENT; START_LOC_ELEMENT; END_LOC_ELEMENT; START_LAST_MOD_ELEMENT; END_LAST_MOD_ELEMENT; START_CHANGE_REQ_ELEMENT; END_CHANGE_REQ_ELEMENT; START_PRIORITY_ELEMENT; END_PRIORITY_ELEMENT; loc; lastMod; changeFreq; priority,,,,,,,,,,,,,,
symphony,org.b3log.symphony.processor,ActivityProcessor,Feature Envy,The tool detected a instance of this smell because showActivities is more interested in members of the type: DataModelService,,,,,,,,,,,,,,EXTRACTED METHOD AND PLACED IN DATAMODEL SERVICE
symphony,org.b3log.symphony.processor,ActivityProcessor,Feature Envy,The tool detected a instance of this smell because showDailyCheckin is more interested in members of the type: DataModelService,,,,,,,,,,,,,,
symphony,org.b3log.symphony.processor,ActivityProcessor,Feature Envy,The tool detected a instance of this smell because showGobang is more interested in members of the type: DataModelService,,,,,,,,,,,,,,
symphony,org.b3log.symphony.processor,ActivityProcessor,Cyclically-dependent Modularization,The tool detected the smell in this class because this class participates in a cyclic dependency. The participating classes in the cycle are: UserMgmtService; UserRepository; UserCache; Sessions; UserExt; Symphonys; OptionQueryService; UserChannel; ArticleChannel; UserQueryService; AvatarQueryService; PointtransferRepository; Pointtransfer; RoleQueryService; Server; InitMgmtService; TagRepository; TagCache; Tag; Markdowns; TagArticleRepository; TagMgmtService; TagTagRepository; UserTagRepository; DomainTagRepository; FollowMgmtService; ArticleRepository; ArticleCache; ArticleQueryService; CommentRepository; CommentQueryService; RevisionQueryService; ShortLinkQueryService; FollowQueryService; TagQueryService; UserRegisterValidationMidware; CaptchaProcessor; LoginProcessor; PointtransferMgmtService; DataModelService; ActivityQueryService; PointtransferQueryService; LivenessQueryService; LivenessRepository; Liveness; DomainCache; DomainQueryService; BreezemoonQueryService; Images; VerifycodeMgmtService; Mails; InvitecodeMgmtService; NotificationMgmtService; LoginCheckMidware; CSRFMidware; UserForgetPwdValidationMidware; UserRegister2ValidationMidware; SkinRenderer; ArticleMgmtService; LivenessMgmtService; SearchMgmtService; AudioMgmtService; FileUploadProcessor; ArticleAddNotifier; ArticleUpdateNotifier; ArticleBaiduSender; CommentNotifier; CommentUpdateNotifier; ArticleSearchAdder; ArticleSearchUpdater; ArticleAddAudioHandler; ArticleUpdateAudioHandler; CronMgmtService; NotificationQueryService; CommentMgmtService; MailMgmtService; CacheMgmtService; StatisticProcessor; Router; GobangChannel; ActivityMgmtService; ErrorProcessor; AnonymousViewCheckMidware; SearchProcessor; SearchQueryService; SitemapProcessor; SitemapQueryService; ForwardProcessor; LinkMgmtService; Links; DomainProcessor; FeedProcessor; CityProcessor; BreezemoonProcessor; BreezemoonMgmtService; PermissionMidware; Geos; ArticleProcessor; VoteQueryService; ArticlePostValidationMidware; TagProcessor; ActivityProcessor; Activity1A0001ValidationMidware; Activity1A0001CollectValidationMidware; CommentProcessor; CommentUpdateValidationMidware; CommentAddValidationMidware; TopProcessor; LinkQueryService; UserProcessor; UserCheckMidware; FollowProcessor; ChatroomProcessor; ChatMsgAddValidationMidware; SettingsProcessor; PostExportService; UpdateProfilesValidationMidware; UpdatePasswordValidationMidware; PointTransferValidationMidware; NotificationProcessor; AdminProcessor; DomainMgmtService; RoleMgmtService; ReportMgmtService; ReportQueryService; OperationMgmtService; OperationRepository; Operation; OperationQueryService; VoteProcessor; VoteMgmtService; IndexProcessor,,,,,,,,,,,,,,
symphony,org.b3log.symphony.processor,AdminProcessor,Feature Envy,The tool detected a instance of this smell because showAdminIndex is more interested in members of the type: OptionQueryService,,,,,,,,,,,,,,
symphony,org.b3log.symphony.processor,AdminProcessor,Feature Envy,The tool detected a instance of this smell because updateArticleSearchIndex is more interested in members of the type: SearchMgmtService,,,,,,,,,,,,,,
symphony,org.b3log.symphony.processor,AdminProcessor,Insufficient Modularization,The tool detected the smell in this class becuase the class has bloated interface (large number of public methods). Total public methods in the class: 69 public methods,,,,,,,,,,,,,,
symphony,org.b3log.symphony.processor,AfterRequestHandler,Unutilized Abstraction,The tool detected the smell in this class because this class is potentially unused. (Please ignore the smell if the reported class is auto-generated and/or used to serve a specific known purpose.),,,,,,,,,,,,,,
symphony,org.b3log.symphony.processor,ArticleProcessor,Insufficient Modularization,The tool detected the smell in this class because the class is highly complex. The sum of cyclomatic complexity of all methods of this class (i.e. WMC) is: 100,,,,,,,,,,,,,,
symphony,org.b3log.symphony.processor,BeforeRequestHandler,Unutilized Abstraction,The tool detected the smell in this class because this class is potentially unused. (Please ignore the smell if the reported class is auto-generated and/or used to serve a specific known purpose.),,,,,,,,,,,,,,
symphony,org.b3log.symphony.processor,BreezemoonProcessor,Feature Envy,The tool detected a instance of this smell because showWatchBreezemoon is more interested in members of the type: DataModelService,,,,,,,,,,,,,,
symphony,org.b3log.symphony.processor,CaptchaProcessor,Deficient Encapsulation,The tool detected the smell in this class because the class exposes fields belonging to it with public accessibility. Following fields are declared with public accessiblity: LOGGER; CAPTCHA; CAPTCHAS; CAPTCHA_LENGTH; CHARS,,,,,,,,,,,,,,
symphony,org.b3log.symphony.processor,ChatroomProcessor,Feature Envy,The tool detected a instance of this smell because showChatRoom is more interested in members of the type: DataModelService,,,,,,,,,,,,,,
symphony,org.b3log.symphony.processor,ChatroomProcessor,Deficient Encapsulation,The tool detected the smell in this class because the class exposes fields belonging to it with public accessibility. Following fields are declared with public accessiblity: LOGGER; messages; dataModelService; userMgmtService; shortLinkQueryService; notificationQueryService; notificationMgmtService; userQueryService; commentMgmtService; commentQueryService; articleQueryService,,,,,,,,,,,,,,
symphony,org.b3log.symphony.processor,CityProcessor,Feature Envy,The tool detected a instance of this smell because showCityArticles is more interested in members of the type: DataModelService,,,,,,,,,,,,,,
symphony,org.b3log.symphony.processor,CityProcessor,Feature Envy,The tool detected a instance of this smell because showCityUsers is more interested in members of the type: DataModelService,,,,,,,,,,,,,,
symphony,org.b3log.symphony.processor,DomainProcessor,Feature Envy,The tool detected a instance of this smell because showDomainArticles is more interested in members of the type: DataModelService,,,,,,,,,,,,,,
symphony,org.b3log.symphony.processor,IndexProcessor,Feature Envy,The tool detected a instance of this smell because showQnA is more interested in members of the type: DataModelService,,,,,,,,,,,,,,
symphony,org.b3log.symphony.processor,IndexProcessor,Feature Envy,The tool detected a instance of this smell because showWatch is more interested in members of the type: DataModelService,,,,,,,,,,,,,,
symphony,org.b3log.symphony.processor,IndexProcessor,Feature Envy,The tool detected a instance of this smell because showRecent is more interested in members of the type: DataModelService,,,,,,,,,,,,,,
symphony,org.b3log.symphony.processor,IndexProcessor,Feature Envy,The tool detected a instance of this smell because showHotArticles is more interested in members of the type: DataModelService,,,,,,,,,,,,,,
symphony,org.b3log.symphony.processor,IndexProcessor,Feature Envy,The tool detected a instance of this smell because showPerfectArticles is more interested in members of the type: DataModelService,,,,,,,,,,,,,,
symphony,org.b3log.symphony.processor,IndexProcessor,Feature Envy,The tool detected a instance of this smell because showChargePoint is more interested in members of the type: DataModelService,,,,,,,,,,,,,,
symphony,org.b3log.symphony.processor,LoginProcessor,Deficient Encapsulation,The tool detected the smell in this class because the class exposes fields belonging to it with public accessibility. Following fields are declared with public accessiblity: WRONG_PWD_TRIES; LOGGER; userMgmtService; userQueryService; langPropsService; pointtransferMgmtService; dataModelService; verifycodeMgmtService; verifycodeQueryService; optionQueryService; invitecodeQueryService; invitecodeMgmtService; notificationMgmtService; roleQueryService; tagQueryService,,,,,,,,,,,,,,
symphony,org.b3log.symphony.processor,NotificationProcessor,Feature Envy,The tool detected a instance of this smell because navigateNotifications is more interested in members of the type: NotificationQueryService,,,,,,,,,,,,,,
symphony,org.b3log.symphony.processor,NotificationProcessor,Feature Envy,The tool detected a instance of this smell because fillNotificationCount is more interested in members of the type: NotificationQueryService,,,,,,,,,,,,,,
symphony,org.b3log.symphony.processor,ReportProcessor,Unutilized Abstraction,The tool detected the smell in this class because this class is potentially unused. (Please ignore the smell if the reported class is auto-generated and/or used to serve a specific known purpose.),,,,,,,,,,,,,,
symphony,org.b3log.symphony.processor,SearchProcessor,Imperative Abstraction,The tool detected the smell in this class because it looks like that an operation is turned into a class. This class contains only the following public method: search,,,,,,,,,,,,,,
symphony,org.b3log.symphony.processor,TagProcessor,Feature Envy,The tool detected a instance of this smell because queryTags is more interested in members of the type: TagQueryService,,,,,,,,,,,,,,
symphony,org.b3log.symphony.processor,TopProcessor,Feature Envy,The tool detected a instance of this smell because showTop is more interested in members of the type: DataModelService,,,,,,,,,,,,,,
symphony,org.b3log.symphony.processor,TopProcessor,Feature Envy,The tool detected a instance of this smell because showLink is more interested in members of the type: DataModelService,,,,,,,,,,,,,,
symphony,org.b3log.symphony.processor,TopProcessor,Feature Envy,The tool detected a instance of this smell because showBalance is more interested in members of the type: DataModelService,,,,,,,,,,,,,,
symphony,org.b3log.symphony.processor,TopProcessor,Feature Envy,The tool detected a instance of this smell because showConsumption is more interested in members of the type: DataModelService,,,,,,,,,,,,,,
symphony,org.b3log.symphony.processor,TopProcessor,Feature Envy,The tool detected a instance of this smell because showCheckin is more interested in members of the type: DataModelService,,,,,,,,,,,,,,
symphony,org.b3log.symphony.processor.channel,ArticleChannel,Deficient Encapsulation,The tool detected the smell in this class because the class exposes fields belonging to it with public accessibility. Following fields are declared with public accessiblity: LOGGER; SESSIONS; ARTICLE_VIEWS,,,,,,,,,,,,,,
symphony,org.b3log.symphony.processor.channel,ArticleChannel,Cyclically-dependent Modularization,The tool detected the smell in this class because this class participates in a cyclic dependency. The participating classes in the cycle are: UserMgmtService; UserRepository; UserCache; Sessions; UserExt; Symphonys; OptionQueryService; UserChannel; ArticleChannel; UserQueryService; AvatarQueryService; PointtransferRepository; Pointtransfer; RoleQueryService; Server; InitMgmtService; TagRepository; TagCache; Tag; Markdowns; TagArticleRepository; TagMgmtService; TagTagRepository; UserTagRepository; DomainTagRepository; FollowMgmtService; ArticleRepository; ArticleCache; ArticleQueryService; CommentRepository; CommentQueryService; RevisionQueryService; ShortLinkQueryService; FollowQueryService; TagQueryService; UserRegisterValidationMidware; CaptchaProcessor; LoginProcessor; PointtransferMgmtService; DataModelService; ActivityQueryService; PointtransferQueryService; LivenessQueryService; LivenessRepository; Liveness; DomainCache; DomainQueryService; BreezemoonQueryService; Images; VerifycodeMgmtService; Mails; InvitecodeMgmtService; NotificationMgmtService; LoginCheckMidware; CSRFMidware; UserForgetPwdValidationMidware; UserRegister2ValidationMidware; SkinRenderer; ArticleMgmtService; LivenessMgmtService; SearchMgmtService; AudioMgmtService; FileUploadProcessor; ArticleAddNotifier; ArticleUpdateNotifier; ArticleBaiduSender; CommentNotifier; CommentUpdateNotifier; ArticleSearchAdder; ArticleSearchUpdater; ArticleAddAudioHandler; ArticleUpdateAudioHandler; CronMgmtService; NotificationQueryService; CommentMgmtService; MailMgmtService; CacheMgmtService; StatisticProcessor; Router; GobangChannel; ActivityMgmtService; ErrorProcessor; AnonymousViewCheckMidware; SearchProcessor; SearchQueryService; SitemapProcessor; SitemapQueryService; ForwardProcessor; LinkMgmtService; Links; DomainProcessor; FeedProcessor; CityProcessor; BreezemoonProcessor; BreezemoonMgmtService; PermissionMidware; Geos; ArticleProcessor; VoteQueryService; ArticlePostValidationMidware; TagProcessor; ActivityProcessor; Activity1A0001ValidationMidware; Activity1A0001CollectValidationMidware; CommentProcessor; CommentUpdateValidationMidware; CommentAddValidationMidware; TopProcessor; LinkQueryService; UserProcessor; UserCheckMidware; FollowProcessor; ChatroomProcessor; ChatMsgAddValidationMidware; SettingsProcessor; PostExportService; UpdateProfilesValidationMidware; UpdatePasswordValidationMidware; PointTransferValidationMidware; NotificationProcessor; AdminProcessor; DomainMgmtService; RoleMgmtService; ReportMgmtService; ReportQueryService; OperationMgmtService; OperationRepository; Operation; OperationQueryService; VoteProcessor; VoteMgmtService; IndexProcessor,,,,,,,,,,,,,,
symphony,org.b3log.symphony.processor.channel,ArticleListChannel,Deficient Encapsulation,The tool detected the smell in this class because the class exposes fields belonging to it with public accessibility. Following fields are declared with public accessiblity: SESSIONS,,,,,,,,,,,,,,
symphony,org.b3log.symphony.processor.channel,ChatroomChannel,Deficient Encapsulation,The tool detected the smell in this class because the class exposes fields belonging to it with public accessibility. Following fields are declared with public accessiblity: SESSIONS,,,,,,,,,,,,,,
symphony,org.b3log.symphony.processor.channel,GobangChannel,Deficient Encapsulation,The tool detected the smell in this class because the class exposes fields belonging to it with public accessibility. Following fields are declared with public accessiblity: LOGGER; SESSIONS; chessPlaying; antiPlayer; chessRandomWait; activityMgmtService,,,,,,,,,,,,,,
symphony,org.b3log.symphony.processor.channel,GobangChannel.ChessGame,Unutilized Abstraction,The tool detected the smell in this class because this class is potentially unused. (Please ignore the smell if the reported class is auto-generated and/or used to serve a specific known purpose.),,,,,,,,,,,,,,
symphony,org.b3log.symphony.processor.channel,GobangChannel.ChessGame,Broken Modularization,The tool detected the smell in this class because it contains only data members without any method implementation. Following fields are declared in this class: chessId; player1; player2; name1; name2; playState1; playState2; state; chess; step; starttime,,,,,,,,,,,,,,
symphony,org.b3log.symphony.processor.channel,UserChannel,Deficient Encapsulation,The tool detected the smell in this class because the class exposes fields belonging to it with public accessibility. Following fields are declared with public accessiblity: SESSIONS,,,,,,,,,,,,,,
symphony,org.b3log.symphony.processor.middleware,AnonymousViewCheckMidware,Imperative Abstraction,The tool detected the smell in this class because it looks like that an operation is turned into a class. This class contains only the following public method: handle,,,,,,,,,,,,,,
symphony,org.b3log.symphony.processor.middleware,AnonymousViewCheckMidware,Cyclically-dependent Modularization,The tool detected the smell in this class because this class participates in a cyclic dependency. The participating classes in the cycle are: UserMgmtService; UserRepository; UserCache; Sessions; UserExt; Symphonys; OptionQueryService; UserChannel; ArticleChannel; UserQueryService; AvatarQueryService; PointtransferRepository; Pointtransfer; RoleQueryService; Server; InitMgmtService; TagRepository; TagCache; Tag; Markdowns; TagArticleRepository; TagMgmtService; TagTagRepository; UserTagRepository; DomainTagRepository; FollowMgmtService; ArticleRepository; ArticleCache; ArticleQueryService; CommentRepository; CommentQueryService; RevisionQueryService; ShortLinkQueryService; FollowQueryService; TagQueryService; UserRegisterValidationMidware; CaptchaProcessor; LoginProcessor; PointtransferMgmtService; DataModelService; ActivityQueryService; PointtransferQueryService; LivenessQueryService; LivenessRepository; Liveness; DomainCache; DomainQueryService; BreezemoonQueryService; Images; VerifycodeMgmtService; Mails; InvitecodeMgmtService; NotificationMgmtService; LoginCheckMidware; CSRFMidware; UserForgetPwdValidationMidware; UserRegister2ValidationMidware; SkinRenderer; ArticleMgmtService; LivenessMgmtService; SearchMgmtService; AudioMgmtService; FileUploadProcessor; ArticleAddNotifier; ArticleUpdateNotifier; ArticleBaiduSender; CommentNotifier; CommentUpdateNotifier; ArticleSearchAdder; ArticleSearchUpdater; ArticleAddAudioHandler; ArticleUpdateAudioHandler; CronMgmtService; NotificationQueryService; CommentMgmtService; MailMgmtService; CacheMgmtService; StatisticProcessor; Router; GobangChannel; ActivityMgmtService; ErrorProcessor; AnonymousViewCheckMidware; SearchProcessor; SearchQueryService; SitemapProcessor; SitemapQueryService; ForwardProcessor; LinkMgmtService; Links; DomainProcessor; FeedProcessor; CityProcessor; BreezemoonProcessor; BreezemoonMgmtService; PermissionMidware; Geos; ArticleProcessor; VoteQueryService; ArticlePostValidationMidware; TagProcessor; ActivityProcessor; Activity1A0001ValidationMidware; Activity1A0001CollectValidationMidware; CommentProcessor; CommentUpdateValidationMidware; CommentAddValidationMidware; TopProcessor; LinkQueryService; UserProcessor; UserCheckMidware; FollowProcessor; ChatroomProcessor; ChatMsgAddValidationMidware; SettingsProcessor; PostExportService; UpdateProfilesValidationMidware; UpdatePasswordValidationMidware; PointTransferValidationMidware; NotificationProcessor; AdminProcessor; DomainMgmtService; RoleMgmtService; ReportMgmtService; ReportQueryService; OperationMgmtService; OperationRepository; Operation; OperationQueryService; VoteProcessor; VoteMgmtService; IndexProcessor,,,,,,,,,,,,,,
symphony,org.b3log.symphony.processor.middleware.validate,Activity1A0001CollectValidationMidware,Cyclically-dependent Modularization,The tool detected the smell in this class because this class participates in a cyclic dependency. The participating classes in the cycle are: UserMgmtService; UserRepository; UserCache; Sessions; UserExt; Symphonys; OptionQueryService; UserChannel; ArticleChannel; UserQueryService; AvatarQueryService; PointtransferRepository; Pointtransfer; RoleQueryService; Server; InitMgmtService; TagRepository; TagCache; Tag; Markdowns; TagArticleRepository; TagMgmtService; TagTagRepository; UserTagRepository; DomainTagRepository; FollowMgmtService; ArticleRepository; ArticleCache; ArticleQueryService; CommentRepository; CommentQueryService; RevisionQueryService; ShortLinkQueryService; FollowQueryService; TagQueryService; UserRegisterValidationMidware; CaptchaProcessor; LoginProcessor; PointtransferMgmtService; DataModelService; ActivityQueryService; PointtransferQueryService; LivenessQueryService; LivenessRepository; Liveness; DomainCache; DomainQueryService; BreezemoonQueryService; Images; VerifycodeMgmtService; Mails; InvitecodeMgmtService; NotificationMgmtService; LoginCheckMidware; CSRFMidware; UserForgetPwdValidationMidware; UserRegister2ValidationMidware; SkinRenderer; ArticleMgmtService; LivenessMgmtService; SearchMgmtService; AudioMgmtService; FileUploadProcessor; ArticleAddNotifier; ArticleUpdateNotifier; ArticleBaiduSender; CommentNotifier; CommentUpdateNotifier; ArticleSearchAdder; ArticleSearchUpdater; ArticleAddAudioHandler; ArticleUpdateAudioHandler; CronMgmtService; NotificationQueryService; CommentMgmtService; MailMgmtService; CacheMgmtService; StatisticProcessor; Router; GobangChannel; ActivityMgmtService; ErrorProcessor; AnonymousViewCheckMidware; SearchProcessor; SearchQueryService; SitemapProcessor; SitemapQueryService; ForwardProcessor; LinkMgmtService; Links; DomainProcessor; FeedProcessor; CityProcessor; BreezemoonProcessor; BreezemoonMgmtService; PermissionMidware; Geos; ArticleProcessor; VoteQueryService; ArticlePostValidationMidware; TagProcessor; ActivityProcessor; Activity1A0001ValidationMidware; Activity1A0001CollectValidationMidware; CommentProcessor; CommentUpdateValidationMidware; CommentAddValidationMidware; TopProcessor; LinkQueryService; UserProcessor; UserCheckMidware; FollowProcessor; ChatroomProcessor; ChatMsgAddValidationMidware; SettingsProcessor; PostExportService; UpdateProfilesValidationMidware; UpdatePasswordValidationMidware; PointTransferValidationMidware; NotificationProcessor; AdminProcessor; DomainMgmtService; RoleMgmtService; ReportMgmtService; ReportQueryService; OperationMgmtService; OperationRepository; Operation; OperationQueryService; VoteProcessor; VoteMgmtService; IndexProcessor,,,,,,,,,,,,,,
symphony,org.b3log.symphony.processor.middleware.validate,Activity1A0001ValidationMidware,Imperative Abstraction,The tool detected the smell in this class because it looks like that an operation is turned into a class. This class contains only the following public method: handle,,,,,,,,,,,,,,
symphony,org.b3log.symphony.processor.middleware.validate,ArticlePostValidationMidware,Imperative Abstraction,The tool detected the smell in this class because it looks like that an operation is turned into a class. This class contains only the following public method: handle,,,,,,,,,,,,,,
symphony,org.b3log.symphony.processor.middleware.validate,ArticlePostValidationMidware,Deficient Encapsulation,The tool detected the smell in this class because the class exposes fields belonging to it with public accessibility. Following fields are declared with public accessiblity: MAX_ARTICLE_TITLE_LENGTH; MAX_ARTICLE_CONTENT_LENGTH; MIN_ARTICLE_CONTENT_LENGTH; MAX_ARTICLE_REWARD_CONTENT_LENGTH; MIN_ARTICLE_REWARD_CONTENT_LENGTH,,,,,,,,,,,,,,
symphony,org.b3log.symphony.processor.middleware.validate,PointTransferValidationMidware,Imperative Abstraction,The tool detected the smell in this class because it looks like that an operation is turned into a class. This class contains only the following public method: handle,,,,,,,,,,,,,,
symphony,org.b3log.symphony.processor.middleware.validate,UpdateProfilesValidationMidware,Imperative Abstraction,The tool detected the smell in this class because it looks like that an operation is turned into a class. This class contains only the following public method: handle,,,,,,,,,,,,,,
symphony,org.b3log.symphony.processor.middleware.validate,UpdateProfilesValidationMidware,Deficient Encapsulation,The tool detected the smell in this class because the class exposes fields belonging to it with public accessibility. Following fields are declared with public accessiblity: langPropsService; MAX_USER_NICKNAME_LENGTH; MAX_USER_URL_LENGTH; MAX_USER_QQ_LENGTH; MAX_USER_INTRO_LENGTH,,,,,,,,,,,,,,
symphony,org.b3log.symphony.processor.middleware.validate,UserRegisterValidationMidware,Deficient Encapsulation,The tool detected the smell in this class because the class exposes fields belonging to it with public accessibility. Following fields are declared with public accessiblity: LOGGER; MAX_USER_NAME_LENGTH; MIN_USER_NAME_LENGTH; MAX_PWD_LENGTH; MIN_PWD_LENGTH; CAPTCHA_LENGTH; INVITECODE_LENGHT; langPropsService; optionQueryService; invitecodeQueryService; userQueryService; roleQueryService,,,,,,,,,,,,,,
symphony,org.b3log.symphony.repository,ArticleRepository,Cyclically-dependent Modularization,The tool detected the smell in this class because this class participates in a cyclic dependency. The participating classes in the cycle are: UserMgmtService; UserRepository; UserCache; Sessions; UserExt; Symphonys; OptionQueryService; UserChannel; ArticleChannel; UserQueryService; AvatarQueryService; PointtransferRepository; Pointtransfer; RoleQueryService; Server; InitMgmtService; TagRepository; TagCache; Tag; Markdowns; TagArticleRepository; TagMgmtService; TagTagRepository; UserTagRepository; DomainTagRepository; FollowMgmtService; ArticleRepository; ArticleCache; ArticleQueryService; CommentRepository; CommentQueryService; RevisionQueryService; ShortLinkQueryService; FollowQueryService; TagQueryService; UserRegisterValidationMidware; CaptchaProcessor; LoginProcessor; PointtransferMgmtService; DataModelService; ActivityQueryService; PointtransferQueryService; LivenessQueryService; LivenessRepository; Liveness; DomainCache; DomainQueryService; BreezemoonQueryService; Images; VerifycodeMgmtService; Mails; InvitecodeMgmtService; NotificationMgmtService; LoginCheckMidware; CSRFMidware; UserForgetPwdValidationMidware; UserRegister2ValidationMidware; SkinRenderer; ArticleMgmtService; LivenessMgmtService; SearchMgmtService; AudioMgmtService; FileUploadProcessor; ArticleAddNotifier; ArticleUpdateNotifier; ArticleBaiduSender; CommentNotifier; CommentUpdateNotifier; ArticleSearchAdder; ArticleSearchUpdater; ArticleAddAudioHandler; ArticleUpdateAudioHandler; CronMgmtService; NotificationQueryService; CommentMgmtService; MailMgmtService; CacheMgmtService; StatisticProcessor; Router; GobangChannel; ActivityMgmtService; ErrorProcessor; AnonymousViewCheckMidware; SearchProcessor; SearchQueryService; SitemapProcessor; SitemapQueryService; ForwardProcessor; LinkMgmtService; Links; DomainProcessor; FeedProcessor; CityProcessor; BreezemoonProcessor; BreezemoonMgmtService; PermissionMidware; Geos; ArticleProcessor; VoteQueryService; ArticlePostValidationMidware; TagProcessor; ActivityProcessor; Activity1A0001ValidationMidware; Activity1A0001CollectValidationMidware; CommentProcessor; CommentUpdateValidationMidware; CommentAddValidationMidware; TopProcessor; LinkQueryService; UserProcessor; UserCheckMidware; FollowProcessor; ChatroomProcessor; ChatMsgAddValidationMidware; SettingsProcessor; PostExportService; UpdateProfilesValidationMidware; UpdatePasswordValidationMidware; PointTransferValidationMidware; NotificationProcessor; AdminProcessor; DomainMgmtService; RoleMgmtService; ReportMgmtService; ReportQueryService; OperationMgmtService; OperationRepository; Operation; OperationQueryService; VoteProcessor; VoteMgmtService; IndexProcessor,,,,,,,,,,,,,,
symphony,org.b3log.symphony.repository,UserRepository,Feature Envy,The tool detected a instance of this smell because getByName is more interested in members of the type: UserCache,,,,,,,,,,,,,,
symphony,org.b3log.symphony.repository,UserRepository,Feature Envy,The tool detected a instance of this smell because getAdmins is more interested in members of the type: UserCache,,,,,,,,,,,,,,
symphony,org.b3log.symphony.repository,UserRoleRepository,Unutilized Abstraction,The tool detected the smell in this class because this class is potentially unused. (Please ignore the smell if the reported class is auto-generated and/or used to serve a specific known purpose.),,,,,,,,,,,,,,
symphony,org.b3log.symphony,Server,Imperative Abstraction,The tool detected the smell in this class because it looks like that an operation is turned into a class. This class contains only the following public method: main,,,,,,,,,,,,,,
symphony,org.b3log.symphony,Server,Deficient Encapsulation,The tool detected the smell in this class because the class exposes fields belonging to it with public accessibility. Following fields are declared with public accessiblity: LOGGER; VERSION,,,,,,,,,,,,,,
symphony,org.b3log.symphony,Server,Cyclically-dependent Modularization,The tool detected the smell in this class because this class participates in a cyclic dependency. The participating classes in the cycle are: UserMgmtService; UserRepository; UserCache; Sessions; UserExt; Symphonys; OptionQueryService; UserChannel; ArticleChannel; UserQueryService; AvatarQueryService; PointtransferRepository; Pointtransfer; RoleQueryService; Server; InitMgmtService; TagRepository; TagCache; Tag; Markdowns; TagArticleRepository; TagMgmtService; TagTagRepository; UserTagRepository; DomainTagRepository; FollowMgmtService; ArticleRepository; ArticleCache; ArticleQueryService; CommentRepository; CommentQueryService; RevisionQueryService; ShortLinkQueryService; FollowQueryService; TagQueryService; UserRegisterValidationMidware; CaptchaProcessor; LoginProcessor; PointtransferMgmtService; DataModelService; ActivityQueryService; PointtransferQueryService; LivenessQueryService; LivenessRepository; Liveness; DomainCache; DomainQueryService; BreezemoonQueryService; Images; VerifycodeMgmtService; Mails; InvitecodeMgmtService; NotificationMgmtService; LoginCheckMidware; CSRFMidware; UserForgetPwdValidationMidware; UserRegister2ValidationMidware; SkinRenderer; ArticleMgmtService; LivenessMgmtService; SearchMgmtService; AudioMgmtService; FileUploadProcessor; ArticleAddNotifier; ArticleUpdateNotifier; ArticleBaiduSender; CommentNotifier; CommentUpdateNotifier; ArticleSearchAdder; ArticleSearchUpdater; ArticleAddAudioHandler; ArticleUpdateAudioHandler; CronMgmtService; NotificationQueryService; CommentMgmtService; MailMgmtService; CacheMgmtService; StatisticProcessor; Router; GobangChannel; ActivityMgmtService; ErrorProcessor; AnonymousViewCheckMidware; SearchProcessor; SearchQueryService; SitemapProcessor; SitemapQueryService; ForwardProcessor; LinkMgmtService; Links; DomainProcessor; FeedProcessor; CityProcessor; BreezemoonProcessor; BreezemoonMgmtService; PermissionMidware; Geos; ArticleProcessor; VoteQueryService; ArticlePostValidationMidware; TagProcessor; ActivityProcessor; Activity1A0001ValidationMidware; Activity1A0001CollectValidationMidware; CommentProcessor; CommentUpdateValidationMidware; CommentAddValidationMidware; TopProcessor; LinkQueryService; UserProcessor; UserCheckMidware; FollowProcessor; ChatroomProcessor; ChatMsgAddValidationMidware; SettingsProcessor; PostExportService; UpdateProfilesValidationMidware; UpdatePasswordValidationMidware; PointTransferValidationMidware; NotificationProcessor; AdminProcessor; DomainMgmtService; RoleMgmtService; ReportMgmtService; ReportQueryService; OperationMgmtService; OperationRepository; Operation; OperationQueryService; VoteProcessor; VoteMgmtService; IndexProcessor,,,,,,,,,,,,,,
symphony,org.b3log.symphony,RepositoryJSONGen,Unutilized Abstraction,The tool detected the smell in this class because this class is potentially unused. (Please ignore the smell if the reported class is auto-generated and/or used to serve a specific known purpose.),,,,,,,,,,,,,,
symphony,org.b3log.symphony.service,ActivityMgmtService,Cyclically-dependent Modularization,The tool detected the smell in this class because this class participates in a cyclic dependency. The participating classes in the cycle are: UserMgmtService; UserRepository; UserCache; Sessions; UserExt; Symphonys; OptionQueryService; UserChannel; ArticleChannel; UserQueryService; AvatarQueryService; PointtransferRepository; Pointtransfer; RoleQueryService; Server; InitMgmtService; TagRepository; TagCache; Tag; Markdowns; TagArticleRepository; TagMgmtService; TagTagRepository; UserTagRepository; DomainTagRepository; FollowMgmtService; ArticleRepository; ArticleCache; ArticleQueryService; CommentRepository; CommentQueryService; RevisionQueryService; ShortLinkQueryService; FollowQueryService; TagQueryService; UserRegisterValidationMidware; CaptchaProcessor; LoginProcessor; PointtransferMgmtService; DataModelService; ActivityQueryService; PointtransferQueryService; LivenessQueryService; LivenessRepository; Liveness; DomainCache; DomainQueryService; BreezemoonQueryService; Images; VerifycodeMgmtService; Mails; InvitecodeMgmtService; NotificationMgmtService; LoginCheckMidware; CSRFMidware; UserForgetPwdValidationMidware; UserRegister2ValidationMidware; SkinRenderer; ArticleMgmtService; LivenessMgmtService; SearchMgmtService; AudioMgmtService; FileUploadProcessor; ArticleAddNotifier; ArticleUpdateNotifier; ArticleBaiduSender; CommentNotifier; CommentUpdateNotifier; ArticleSearchAdder; ArticleSearchUpdater; ArticleAddAudioHandler; ArticleUpdateAudioHandler; CronMgmtService; NotificationQueryService; CommentMgmtService; MailMgmtService; CacheMgmtService; StatisticProcessor; Router; GobangChannel; ActivityMgmtService; ErrorProcessor; AnonymousViewCheckMidware; SearchProcessor; SearchQueryService; SitemapProcessor; SitemapQueryService; ForwardProcessor; LinkMgmtService; Links; DomainProcessor; FeedProcessor; CityProcessor; BreezemoonProcessor; BreezemoonMgmtService; PermissionMidware; Geos; ArticleProcessor; VoteQueryService; ArticlePostValidationMidware; TagProcessor; ActivityProcessor; Activity1A0001ValidationMidware; Activity1A0001CollectValidationMidware; CommentProcessor; CommentUpdateValidationMidware; CommentAddValidationMidware; TopProcessor; LinkQueryService; UserProcessor; UserCheckMidware; FollowProcessor; ChatroomProcessor; ChatMsgAddValidationMidware; SettingsProcessor; PostExportService; UpdateProfilesValidationMidware; UpdatePasswordValidationMidware; PointTransferValidationMidware; NotificationProcessor; AdminProcessor; DomainMgmtService; RoleMgmtService; ReportMgmtService; ReportQueryService; OperationMgmtService; OperationRepository; Operation; OperationQueryService; VoteProcessor; VoteMgmtService; IndexProcessor,,,,,,,,,,,,,,
symphony,org.b3log.symphony.service,ArticleMgmtService,Insufficient Modularization,The tool detected the smell in this class because the class is highly complex. The sum of cyclomatic complexity of all methods of this class (i.e. WMC) is: 161,,,,,,,,,,,,,,
symphony,org.b3log.symphony.service,ArticleQueryService,Insufficient Modularization,The tool detected the smell in this class becuase the class has bloated interface (large number of public methods). Total public methods in the class: 31 public methods,,,,,,,,,,,,,,
symphony,org.b3log.symphony.service,ArticleQueryService,Hub-like Modularization,The tool detected the smell in this class because this class has high number of incoming as well as outgoing dependencies. Incoming dependecies: ArticleCache; CommentNotifier; AdminProcessor; ArticleProcessor; ChatroomProcessor; CityProcessor; CommentProcessor; DomainProcessor; FeedProcessor; FollowProcessor; IndexProcessor; SearchProcessor; StatisticProcessor; TagProcessor; UserProcessor; VoteProcessor; CommentAddValidationMidware; CommentUpdateValidationMidware; DataModelService; FollowQueryService; MailMgmtService. Outgoing dependencies: ArticleRepository; CommentRepository; TagArticleRepository; TagRepository; UserRepository; DomainTagRepository; CommentQueryService; UserQueryService; AvatarQueryService; ShortLinkQueryService; FollowQueryService; ArticleCache; RewardQueryService; TagQueryService; Escapes; Emotions; JSONs; Sessions; Markdowns; UserRegisterValidationMidware; Images; MediaPlayers; Article; Symphonys; Common; Reward; Tag; UserExt; ArticleChannel; Comment; Role,,,,,,,,,,,,,,
symphony,org.b3log.symphony.service,AvatarQueryService,Deficient Encapsulation,The tool detected the smell in this class because the class exposes fields belonging to it with public accessibility. Following fields are declared with public accessiblity: DEFAULT_AVATAR_URL,,,,,,,,,,,,,,
symphony,org.b3log.symphony.service,CommentQueryService.commentInfo,Unnecessary Abstraction,The tool detected the smell in this class because the class contains only a few data members without any method implementation, that indicates that the abstraction might not be required. Following fields are declared in this class: anonymous; currentPageNum; pageSize; viewer,,,,,,,,,,,,,
symphony,org.b3log.symphony.service,CommentQueryService.commentInfo,Unutilized Abstraction,The tool detected the smell in this class because this class is potentially unused. (Please ignore the smell if the reported class is auto-generated and/or used to serve a specific known purpose.),,,,,,,,,,,,,,
symphony,org.b3log.symphony.service,InitMgmtService,Imperative Abstraction,The tool detected the smell in this class because it looks like that an operation is turned into a class. This class contains only the following public method: initSym,,,,,,,,,,,,,,
symphony,org.b3log.symphony.service,LinkMgmtService.CheckTask,Unnecessary Abstraction,The tool detected the smell in this class because the class contains only a few data members without any method implementation, that indicates that the abstraction might not be required. Following fields are declared in this class: link; countDownLatch,,,,,,,,,,,,,
symphony,org.b3log.symphony.service,LinkMgmtService.CheckTask,Unutilized Abstraction,The tool detected the smell in this class because this class is potentially unused. (Please ignore the smell if the reported class is auto-generated and/or used to serve a specific known purpose.),,,,,,,,,,,,,,
symphony,org.b3log.symphony.service,MailMgmtService,Imperative Abstraction,The tool detected the smell in this class because it looks like that an operation is turned into a class. This class contains only the following public method: sendWeeklyNewsletter,,,,,,,,,,,,,,
symphony,org.b3log.symphony.service,NotificationMgmtService,Insufficient Modularization,The tool detected the smell in this class becuase the class has bloated interface (large number of public methods). Total public methods in the class: 39 public methods,,,,,,,,,,,,,,
symphony,org.b3log.symphony.service,PostExportService,Imperative Abstraction,The tool detected the smell in this class because it looks like that an operation is turned into a class. This class contains only the following public method: exportPosts,,,,,,,,,,,,,,
symphony,org.b3log.symphony.service,SearchMgmtService,Deficient Encapsulation,The tool detected the smell in this class because the class exposes fields belonging to it with public accessibility. Following fields are declared with public accessiblity: LOGGER; ES_INDEX_NAME,,,,,,,,,,,,,,
symphony,org.b3log.symphony.service,ShortLinkQueryService,Imperative Abstraction,The tool detected the smell in this class because it looks like that an operation is turned into a class. This class contains only the following public method: linkArticle,,,,,,,,,,,,,,
symphony,org.b3log.symphony.service,UserQueryService,Deficient Encapsulation,The tool detected the smell in this class because the class exposes fields belonging to it with public accessibility. Following fields are declared with public accessiblity: LOGGER; USER_NAMES; userRepository; followRepository; avatarQueryService; pointtransferRepository; roleQueryService,,,,,,,,,,,,,,
symphony,org.b3log.symphony.util,Geos,Cyclically-dependent Modularization,The tool detected the smell in this class because this class participates in a cyclic dependency. The participating classes in the cycle are: UserMgmtService; UserRepository; UserCache; Sessions; UserExt; Symphonys; OptionQueryService; UserChannel; ArticleChannel; UserQueryService; AvatarQueryService; PointtransferRepository; Pointtransfer; RoleQueryService; Server; InitMgmtService; TagRepository; TagCache; Tag; Markdowns; TagArticleRepository; TagMgmtService; TagTagRepository; UserTagRepository; DomainTagRepository; FollowMgmtService; ArticleRepository; ArticleCache; ArticleQueryService; CommentRepository; CommentQueryService; RevisionQueryService; ShortLinkQueryService; FollowQueryService; TagQueryService; UserRegisterValidationMidware; CaptchaProcessor; LoginProcessor; PointtransferMgmtService; DataModelService; ActivityQueryService; PointtransferQueryService; LivenessQueryService; LivenessRepository; Liveness; DomainCache; DomainQueryService; BreezemoonQueryService; Images; VerifycodeMgmtService; Mails; InvitecodeMgmtService; NotificationMgmtService; LoginCheckMidware; CSRFMidware; UserForgetPwdValidationMidware; UserRegister2ValidationMidware; SkinRenderer; ArticleMgmtService; LivenessMgmtService; SearchMgmtService; AudioMgmtService; FileUploadProcessor; ArticleAddNotifier; ArticleUpdateNotifier; ArticleBaiduSender; CommentNotifier; CommentUpdateNotifier; ArticleSearchAdder; ArticleSearchUpdater; ArticleAddAudioHandler; ArticleUpdateAudioHandler; CronMgmtService; NotificationQueryService; CommentMgmtService; MailMgmtService; CacheMgmtService; StatisticProcessor; Router; GobangChannel; ActivityMgmtService; ErrorProcessor; AnonymousViewCheckMidware; SearchProcessor; SearchQueryService; SitemapProcessor; SitemapQueryService; ForwardProcessor; LinkMgmtService; Links; DomainProcessor; FeedProcessor; CityProcessor; BreezemoonProcessor; BreezemoonMgmtService; PermissionMidware; Geos; ArticleProcessor; VoteQueryService; ArticlePostValidationMidware; TagProcessor; ActivityProcessor; Activity1A0001ValidationMidware; Activity1A0001CollectValidationMidware; CommentProcessor; CommentUpdateValidationMidware; CommentAddValidationMidware; TopProcessor; LinkQueryService; UserProcessor; UserCheckMidware; FollowProcessor; ChatroomProcessor; ChatMsgAddValidationMidware; SettingsProcessor; PostExportService; UpdateProfilesValidationMidware; UpdatePasswordValidationMidware; PointTransferValidationMidware; NotificationProcessor; AdminProcessor; DomainMgmtService; RoleMgmtService; ReportMgmtService; ReportQueryService; OperationMgmtService; OperationRepository; Operation; OperationQueryService; VoteProcessor; VoteMgmtService; IndexProcessor,,,,,,,,,,,,,,
symphony,org.b3log.symphony.util,Links.Spider,Unnecessary Abstraction,The tool detected the smell in this class because the class contains only a few data members without any method implementation, that indicates that the abstraction might not be required. Following fields are declared in this class: url,,,,,,,,,,,,,
symphony,org.b3log.symphony.util,Links.Spider,Unutilized Abstraction,The tool detected the smell in this class because this class is potentially unused. (Please ignore the smell if the reported class is auto-generated and/or used to serve a specific known purpose.),,,,,,,,,,,,,,
symphony,org.b3log.symphony.util,Mails,Deficient Encapsulation,The tool detected the smell in this class because the class exposes fields belonging to it with public accessibility. Following fields are declared with public accessiblity: LOGGER; TEMPLATE_NAME_VERIFYCODE; TEMPLATE_NAME_WEEKLY; TEMPLATE_CFG; DOMAIN_CHANNEL,,,,,,,,,,,,,,
symphony,org.b3log.symphony.util,Mails.MailSender,Unutilized Abstraction,The tool detected the smell in this class because this class is potentially unused. (Please ignore the smell if the reported class is auto-generated and/or used to serve a specific known purpose.),,,,,,,,,,,,,,
symphony,org.b3log.symphony.util,Mails.MailSender,Deficient Encapsulation,The tool detected the smell in this class because the class exposes fields belonging to it with public accessibility. Following fields are declared with public accessiblity: sender; username; password; serialVersionUID; CHARSET; LOGGER; is_debug; mail_transport_protocol; mail_host; mail_port; mail_smtp_auth; mail_smtp_ssl_enable; mail_smtp_starttls_enable; mailSender; prop; INSTANCE,,,,,,,,,,,,,,
symphony,org.b3log.symphony.util,Mails.MailSender,Broken Modularization,The tool detected the smell in this class because it contains only data members without any method implementation. Following fields are declared in this class: sender; username; password; serialVersionUID; CHARSET; LOGGER; is_debug; mail_transport_protocol; mail_host; mail_port; mail_smtp_auth; mail_smtp_ssl_enable; mail_smtp_starttls_enable; mailSender; prop; INSTANCE,,,,,,,,,,,,,,
symphony,org.b3log.symphony.util,Mails.MailSenderHolder,Unnecessary Abstraction,The tool detected the smell in this class because the class contains only a few data members without any method implementation, that indicates that the abstraction might not be required. Following fields are declared in this class: INSTANCE,,,,,,,,,,,,,
symphony,org.b3log.symphony.util,Mails.MailSenderHolder,Unutilized Abstraction,The tool detected the smell in this class because this class is potentially unused. (Please ignore the smell if the reported class is auto-generated and/or used to serve a specific known purpose.),,,,,,,,,,,,,,
symphony,org.b3log.symphony.util,Markdowns,Deficient Encapsulation,The tool detected the smell in this class because the class exposes fields belonging to it with public accessibility. Following fields are declared with public accessiblity: LOGGER; MD_CACHE; LUTE_ENGINE_URL; OPTIONS; PARSER; RENDERER; LUTE_AVAILABLE,,,,,,,,,,,,,,
symphony,org.b3log.symphony.util,MediaPlayers,Deficient Encapsulation,The tool detected the smell in this class because the class exposes fields belonging to it with public accessibility. Following fields are declared with public accessiblity: VIDEO_SUFFIX; VIDEO_URL_REGEX; VIDEO_PATTERN; AUDIO_SUFFIX; AUDIO_URL_REGEX; AUDIO_PATTERN; MEDIA_SUFFIX,,,,,,,,,,,,,,
symphony,org.b3log.symphony.util,Sessions,Deficient Encapsulation,The tool detected the smell in this class because the class exposes fields belonging to it with public accessibility. Following fields are declared with public accessiblity: LOGGER; SESSION_CACHE; COOKIE_NAME; COOKIE_ITEM_SEPARATOR; COOKIE_EXPIRY; THREAD_LOCAL_DATA,,,,,,,,,,,,,,
symphony,org.b3log.symphony.util,StatusCodes,Unnecessary Abstraction,The tool detected the smell in this class because the class contains only a few data members without any method implementation, that indicates that the abstraction might not be required. Following fields are declared in this class: ERR; SUCC; NOT_FOUND,,,,,,,,,,,,,
symphony,org.b3log.symphony.util,StatusCodes,Deficient Encapsulation,The tool detected the smell in this class because the class exposes fields belonging to it with public accessibility. Following fields are declared with public accessiblity: ERR; SUCC; NOT_FOUND,,,,,,,,,,,,,,
symphony,org.b3log.symphony.util,Symphonys,Deficient Encapsulation,The tool detected the smell in this class because the class exposes fields belonging to it with public accessibility. Following fields are declared with public accessiblity: LOGGER; CFG; USER_AGENT_BOT; RESERVED_TAGS; WHITE_LIST_TAGS; RESERVED_USER_NAMES; EXECUTOR_SERVICE; SCHEDULED_EXECUTOR_SERVICE; PROCESSORS; MIN_STEP_ARTICLE_TIME; MIN_STEP_CMT_TIME; MIN_STEP_CHAT_TIME; NEWBIE_FIRST_ARTICLE; ARTICLE_LIST_CNT; ARTICLE_LIST_WIN_SIZE; ARTICLE_LIST_PARTICIPANTS_CNT; SIDE_HOT_ARTICLES_CNT; SIDE_BREEZEMOON_CNT; SIDE_CHATROOM_MSG_CNT; SIDE_RANDOM_ARTICLES_CNT; SIDE_TAGS_CNT; SIDE_RELEVANT_ARTICLES_CNT; USER_HOME_LIST_CNT; USER_HOME_LIST_WIN_SIZE; NOTIFICATION_LIST_CNT; NOTIFICATION_LIST_WIN_SIZE; ARTICLE_COMMENTS_CNT; ARTICLE_COMMENTS_WIN_SIZE; TAGS_CNT; TAGS_WIN_SIZE; TAG_RELATED_TAGS_CNT; TAG_RELATED_WEIGHT; TAG_FOLLOWERS_CNT; TAG_FOLLOWERS_WIN_SIZE; CITY_USERS_CNT; CITY_USERS_WIN_SIZE; TOP_CNT; CHATROOMMSGS_CNT; CHATROOMMSGS_WIN_SIZE; SKIN_DIR_NAME; MOBILE_SKIN_DIR_NAME; SITE_VISIT_STATISTIC_CODE; UPLOAD_CHANNEL; QN_ENABLED; UPLOAD_IMG_MAX; UPLOAD_FILE_MAX; UPLOAD_SUFFIX; UPLOAD_LOCAL_DIR; UPLOAD_QINIU_AK; UPLOAD_QINIU_SK; UPLOAD_QINIU_DOMAIN; UPLOAD_QINIU_BUCKET; POINT_INIT; POINT_ADD_ARTICLE; POINT_UPDATE_ARTICLE; POINT_ADD_COMMENT; POINT_UPDATE_COMMENT; POINT_ADD_SELF_ARTICLE_COMMENT; POINT_INVITE_REGISTER; POINT_ACTIVITY_CHECKIN_MIN; POINT_ACTIVITY_CHECKIN_MAX; POINT_ACTIVITY_CHECKINT_STREAK; POINT_THANK_COMMENT; POINT_ADD_ARTICLE_BROADCAST; POINT_ADD_ARTICLE_REWARD; POINT_AT_PARTICIPANTS; POINT_STICK_ARTICLE; POINT_THANK_ARTICLE; STICK_ARTICLE_TIME; POINT_ACTIVITY_CHAR; POINT_DATA_EXPORT; POINT_BUY_INVITECODE; POINT_INVITECODE_USED; POINT_ACTIVITY_EATINGSNAKE; POINT_ACTIVITY_EATINGSNAKE_COLLECT_MAX; POINT_PERFECT_ARTICLE; POINT_ACTIVITY_GOBANG; POINT_REPORT_HANDLED; POINT_CHANGE_USERNAME; POINT_TRANSER_MIN; POINT_EXCHANGE_MIN; POINT_EXCHANGE_UNIT; ACTIVITY_1A0001_CLOSED; ACTIVITY_1A0001_LIVENESS_THRESHOLD; ACTIVITY_YESTERDAY_REWARD_ACTIVITY_PER; ACTIVITY_YESTERDAY_REWARD_ARTICLE_PER; ACTIVITY_YESTERDAY_REWARD_COMMENT_PER; ACTIVITY_YESTERDAY_REWARD_PV_PER; ACTIVITY_YESTERDAY_REWARD_REWARD_PER; ACTIVITY_YESTERDAY_REWARD_THANK_PER; ACTIVITY_YESTERDAY_REWARD_VOTE_PER; ACTIVITY_YESTERDAY_REWARD_ACCEPT_ANSWER_PER; ACTIVITY_YESTERDAY_REWARD_MAX; MAIL_CHANNEL; MAIL_CHANNEL_MAIL_DOMAINS; MAIL_DOMAINS; MAIL_BATCH_ARTICLE_SIZE; MAIL_SENDCLOUD_API_USER; MAIL_SENDCLOUD_API_KEY; MAIL_SENDCLOUD_FROM; MAIL_SENDCLOUD_BATCH_API_USER; MAIL_SENDCLOUD_BATCH_API_KEY; MAIL_SENDCLOUD_BATCH_FROM; MAIL_ALIYUN_AK; MAIL_ALIYUN_SK; MAIL_ALIYUN_FROM; MAIL_ALIYUN_BATCH_FROM; MAIL_LOCAL_ISDEBUG; MAIL_LOCAL_TRANSPORT_PROTOCOL; MAIL_LOCAL_HOST; MAIL_LOCAL_PORT; MAIL_LOCAL_SMTP_AUTH; MAIL_LOCAL_SMTP_SSL; MAIL_LOCAL_SMTP_STARTTLS; MAIL_LOCAL_SMTP_SENDER; MAIL_LOCAL_SMTP_USERNAME; MAIL_LOCAL_SMTP_PASSWORD; BAIDU_LBS_AK; BAIDU_DATA_TOKEN; BAIDU_YUYIN_API_KEY; BAIDU_YUYIN_SECRET_KEY; ES_ENABLED; ES_SERVER; ALGOLIA_ENABLED; ALGOLIA_APP_ID; ALGOLIA_SEARCH_KEY; ALGOLIA_ADMIN_KEY; ALGOLIA_INDEX; RESERVEDTAGS; SYS_ANNOUNCE_TAG; RESERVED_USERNAMES; WHITELIST_TAGS; PERFORMANCE_THRESHOLD; COOKIE_SECRET; ANONYMOUS_POST_POINT; ANONYMOUS_VIEW_SKIPS; ANONYMOUS_VIEW_URIS; INVITECODE_EXPIRED; FOOTER_BEIANHAO; MARKDOWN_TIMEOUT; URL_PERMISSION_RULES,,,,,,,,,,,,,,
symphony,org.b3log.symphony.util,Templates,Deficient Encapsulation,The tool detected the smell in this class because the class exposes fields belonging to it with public accessibility. Following fields are declared with public accessiblity: LOGGER; TEMPLATE_CFG; FREEMARKER_VER,,,,,,,,,,,,,,
symphony,org.b3log.symphony.util,RedditScoreTest.vote,Unnecessary Abstraction,The tool detected the smell in this class because the class contains only a few data members without any method implementation, that indicates that the abstraction might not be required. Following fields are declared in this class: id; up; down; score,,,,,,,,,,,,,
symphony,org.b3log.symphony.util,RedditScoreTest.vote,Unutilized Abstraction,The tool detected the smell in this class because this class is potentially unused. (Please ignore the smell if the reported class is auto-generated and/or used to serve a specific known purpose.),,,,,,,,,,,,,,
