Project Name,Package Name,Type Name,NOF,NOPF,NOM,NOPM,LOC,WMC,NC,DIT,LCOM,FANIN,FANOUT,File path,Line no
symphony,org.b3log.symphony.cache,ArticleCache,6,0,11,11,200,18,0,0,0.18181818181818182,3,7,C:\Users\josep\IdeaProjects\symphony\src\main\java\org\b3log\symphony\cache\ArticleCache.java,45
symphony,org.b3log.symphony.cache,CommentCache,1,0,3,3,38,4,0,0,0.0,1,2,C:\Users\josep\IdeaProjects\symphony\src\main\java\org\b3log\symphony\cache\CommentCache.java,28
symphony,org.b3log.symphony.cache,DomainCache,3,0,2,2,51,3,0,0,0.0,7,2,C:\Users\josep\IdeaProjects\symphony\src\main\java\org\b3log\symphony\cache\DomainCache.java,32
symphony,org.b3log.symphony.cache,OptionCache,1,0,3,3,38,4,0,0,0.0,1,2,C:\Users\josep\IdeaProjects\symphony\src\main\java\org\b3log\symphony\cache\OptionCache.java,28
symphony,org.b3log.symphony.cache,TagCache,6,0,11,9,206,24,0,0,0.0,7,4,C:\Users\josep\IdeaProjects\symphony\src\main\java\org\b3log\symphony\cache\TagCache.java,37
symphony,org.b3log.symphony.cache,UserCache,3,0,6,6,76,8,0,0,0.3333333333333333,1,2,C:\Users\josep\IdeaProjects\symphony\src\main\java\org\b3log\symphony\cache\UserCache.java,32
symphony,org.b3log.symphony.event,ArticleAddAudioHandler,2,0,2,2,29,2,0,0,1.0,1,3,C:\Users\josep\IdeaProjects\symphony\src\main\java\org\b3log\symphony\event\ArticleAddAudioHandler.java,31
symphony,org.b3log.symphony.event,ArticleAddNotifier,6,0,2,2,131,14,0,0,1.0,1,12,C:\Users\josep\IdeaProjects\symphony\src\main\java\org\b3log\symphony\event\ArticleAddNotifier.java,47
symphony,org.b3log.symphony.event,ArticleBaiduSender,1,0,3,3,66,8,0,0,0.6666666666666666,1,5,C:\Users\josep\IdeaProjects\symphony\src\main\java\org\b3log\symphony\event\ArticleBaiduSender.java,38
symphony,org.b3log.symphony.event,ArticleSearchAdder,2,0,2,2,41,6,0,0,1.0,1,6,C:\Users\josep\IdeaProjects\symphony\src\main\java\org\b3log\symphony\event\ArticleSearchAdder.java,35
symphony,org.b3log.symphony.event,ArticleSearchUpdater,2,0,2,2,41,6,0,0,1.0,1,6,C:\Users\josep\IdeaProjects\symphony\src\main\java\org\b3log\symphony\event\ArticleSearchUpdater.java,35
symphony,org.b3log.symphony.event,ArticleUpdateAudioHandler,2,0,2,2,29,2,0,0,1.0,1,3,C:\Users\josep\IdeaProjects\symphony\src\main\java\org\b3log\symphony\event\ArticleUpdateAudioHandler.java,31
symphony,org.b3log.symphony.event,ArticleUpdateNotifier,7,0,2,2,99,9,0,0,1.0,1,11,C:\Users\josep\IdeaProjects\symphony\src\main\java\org\b3log\symphony\event\ArticleUpdateNotifier.java,42
symphony,org.b3log.symphony.event,CommentNotifier,13,0,2,2,248,27,0,0,1.0,1,26,C:\Users\josep\IdeaProjects\symphony\src\main\java\org\b3log\symphony\event\CommentNotifier.java,47
symphony,org.b3log.symphony.event,CommentUpdateNotifier,5,0,2,2,80,7,0,0,1.0,1,9,C:\Users\josep\IdeaProjects\symphony\src\main\java\org\b3log\symphony\event\CommentUpdateNotifier.java,42
symphony,org.b3log.symphony.event,EventTypes,4,4,1,0,29,1,0,0,0.0,11,0,C:\Users\josep\IdeaProjects\symphony\src\main\java\org\b3log\symphony\event\EventTypes.java,20
symphony,org.b3log.symphony.model,Article,89,89,3,2,399,5,0,0,1.0,51,0,C:\Users\josep\IdeaProjects\symphony\src\main\java\org\b3log\symphony\model\Article.java,23
symphony,org.b3log.symphony.model,Breezemoon,15,15,0,0,68,0,0,0,-1.0,6,0,C:\Users\josep\IdeaProjects\symphony\src\main\java\org\b3log\symphony\model\Breezemoon.java,20
symphony,org.b3log.symphony.model,Character,6,5,2,2,62,4,0,0,1.0,4,0,C:\Users\josep\IdeaProjects\symphony\src\main\java\org\b3log\symphony\model\Character.java,26
symphony,org.b3log.symphony.model,Comment,51,51,1,0,217,1,0,0,0.0,23,0,C:\Users\josep\IdeaProjects\symphony\src\main\java\org\b3log\symphony\model\Comment.java,20
symphony,org.b3log.symphony.model,Common,163,163,1,0,665,1,0,0,0.0,66,0,C:\Users\josep\IdeaProjects\symphony\src\main\java\org\b3log\symphony\model\Common.java,20
symphony,org.b3log.symphony.model,Domain,22,22,1,0,101,1,0,0,0.0,10,0,C:\Users\josep\IdeaProjects\symphony\src\main\java\org\b3log\symphony\model\Domain.java,20
symphony,org.b3log.symphony.model,Emotion,9,9,1,0,46,1,0,0,0.0,3,0,C:\Users\josep\IdeaProjects\symphony\src\main\java\org\b3log\symphony\model\Emotion.java,20
symphony,org.b3log.symphony.model,Follow,9,9,1,0,49,1,0,0,0.0,11,0,C:\Users\josep\IdeaProjects\symphony\src\main\java\org\b3log\symphony\model\Follow.java,20
symphony,org.b3log.symphony.model,Invitecode,11,11,0,0,52,0,0,0,-1.0,7,0,C:\Users\josep\IdeaProjects\symphony\src\main\java\org\b3log\symphony\model\Invitecode.java,20
symphony,org.b3log.symphony.model,Link,25,25,1,0,113,1,0,0,0.0,5,0,C:\Users\josep\IdeaProjects\symphony\src\main\java\org\b3log\symphony\model\Link.java,20
symphony,org.b3log.symphony.model,Liveness,12,12,2,1,104,5,0,0,1.0,9,1,C:\Users\josep\IdeaProjects\symphony\src\main\java\org\b3log\symphony\model\Liveness.java,23
symphony,org.b3log.symphony.model,Notification,40,40,1,0,173,1,0,0,0.0,19,0,C:\Users\josep\IdeaProjects\symphony\src\main\java\org\b3log\symphony\model\Notification.java,20
symphony,org.b3log.symphony.model,Operation,57,57,1,1,249,1,0,0,0.0,3,3,C:\Users\josep\IdeaProjects\symphony\src\main\java\org\b3log\symphony\model\Operation.java,27
symphony,org.b3log.symphony.model,Option,23,23,1,0,105,1,0,0,0.0,23,0,C:\Users\josep\IdeaProjects\symphony\src\main\java\org\b3log\symphony\model\Option.java,20
symphony,org.b3log.symphony.model,Permission,93,93,2,1,399,4,0,0,1.0,16,0,C:\Users\josep\IdeaProjects\symphony\src\main\java\org\b3log\symphony\model\Permission.java,22
symphony,org.b3log.symphony.model,Pointtransfer,72,72,1,0,302,1,0,0,0.0,21,1,C:\Users\josep\IdeaProjects\symphony\src\main\java\org\b3log\symphony\model\Pointtransfer.java,22
symphony,org.b3log.symphony.model,Referral,10,10,0,0,48,0,0,0,-1.0,3,0,C:\Users\josep\IdeaProjects\symphony\src\main\java\org\b3log\symphony\model\Referral.java,20
symphony,org.b3log.symphony.model,Report,28,28,1,0,125,1,0,0,0.0,5,0,C:\Users\josep\IdeaProjects\symphony\src\main\java\org\b3log\symphony\model\Report.java,20
symphony,org.b3log.symphony.model,Revision,8,8,0,0,40,0,0,0,-1.0,8,0,C:\Users\josep\IdeaProjects\symphony\src\main\java\org\b3log\symphony\model\Revision.java,20
symphony,org.b3log.symphony.model,Reward,10,10,1,0,53,1,0,0,0.0,9,0,C:\Users\josep\IdeaProjects\symphony\src\main\java\org\b3log\symphony\model\Reward.java,20
symphony,org.b3log.symphony.model,Role,12,12,1,0,61,1,0,0,0.0,25,0,C:\Users\josep\IdeaProjects\symphony\src\main\java\org\b3log\symphony\model\Role.java,20
symphony,org.b3log.symphony.model,Tag,45,44,8,5,375,36,0,0,0.5,30,4,C:\Users\josep\IdeaProjects\symphony\src\main\java\org\b3log\symphony\model\Tag.java,33
symphony,org.b3log.symphony.model,UserExt,97,97,7,6,496,16,0,0,1.0,57,1,C:\Users\josep\IdeaProjects\symphony\src\main\java\org\b3log\symphony\model\UserExt.java,26
symphony,org.b3log.symphony.model,Verifycode,15,15,1,0,73,1,0,0,0.0,5,0,C:\Users\josep\IdeaProjects\symphony\src\main\java\org\b3log\symphony\model\Verifycode.java,20
symphony,org.b3log.symphony.model,Visit,11,11,0,0,52,0,0,0,-1.0,4,0,C:\Users\josep\IdeaProjects\symphony\src\main\java\org\b3log\symphony\model\Visit.java,20
symphony,org.b3log.symphony.model,Vote,12,12,1,0,61,1,0,0,0.0,4,0,C:\Users\josep\IdeaProjects\symphony\src\main\java\org\b3log\symphony\model\Vote.java,20
symphony,org.b3log.symphony.model.feed,RSSCategory,2,0,3,3,33,3,0,0,0.0,2,0,C:\Users\josep\IdeaProjects\symphony\src\main\java\org\b3log\symphony\model\feed\RSSCategory.java,22
symphony,org.b3log.symphony.model.feed,RSSChannel,24,0,16,16,239,17,0,0,0.0,1,1,C:\Users\josep\IdeaProjects\symphony\src\main\java\org\b3log\symphony\model\feed\RSSChannel.java,28
symphony,org.b3log.symphony.model.feed,RSSItem,19,0,14,14,200,15,0,0,0.0,2,1,C:\Users\josep\IdeaProjects\symphony\src\main\java\org\b3log\symphony\model\feed\RSSItem.java,28
symphony,org.b3log.symphony.model.sitemap,Sitemap,18,0,2,2,185,3,0,0,0.0,2,0,C:\Users\josep\IdeaProjects\symphony\src\main\java\org\b3log\symphony\model\sitemap\Sitemap.java,25
symphony,org.b3log.symphony.model.sitemap,Sitemap.URL,14,0,0,0,144,0,0,0,-1.0,0,0,C:\Users\josep\IdeaProjects\symphony\src\main\java\org\b3log\symphony\model\sitemap\Sitemap.java,84
symphony,org.b3log.symphony.processor,ActivityProcessor,7,0,15,15,350,25,0,0,0.13333333333333333,1,16,C:\Users\josep\IdeaProjects\symphony\src\main\java\org\b3log\symphony\processor\ActivityProcessor.java,52
symphony,org.b3log.symphony.processor,AdminProcessor,31,0,70,69,0,166,0,0,0.02857142857142857,1,50,C:\Users\josep\IdeaProjects\symphony\src\main\java\org\b3log\symphony\processor\AdminProcessor.java,61
symphony,org.b3log.symphony.processor,AfterRequestHandler,1,0,1,1,31,4,0,0,0.0,0,3,C:\Users\josep\IdeaProjects\symphony\src\main\java\org\b3log\symphony\processor\AfterRequestHandler.java,36
symphony,org.b3log.symphony.processor,ArticleProcessor,18,0,18,16,918,100,0,0,0.16666666666666666,1,47,C:\Users\josep\IdeaProjects\symphony\src\main\java\org\b3log\symphony\processor\ArticleProcessor.java,63
symphony,org.b3log.symphony.processor,BeforeRequestHandler,1,0,3,1,90,11,0,0,0.0,0,7,C:\Users\josep\IdeaProjects\symphony\src\main\java\org\b3log\symphony\processor\BeforeRequestHandler.java,47
symphony,org.b3log.symphony.processor,BreezemoonProcessor,5,0,6,5,186,17,0,0,0.3333333333333333,1,16,C:\Users\josep\IdeaProjects\symphony\src\main\java\org\b3log\symphony\processor\BreezemoonProcessor.java,50
symphony,org.b3log.symphony.processor,CaptchaProcessor,5,2,6,4,157,16,0,0,0.3333333333333333,5,2,C:\Users\josep\IdeaProjects\symphony\src\main\java\org\b3log\symphony\processor\CaptchaProcessor.java,52
symphony,org.b3log.symphony.processor,ChatroomProcessor,11,1,3,3,118,4,0,0,0.6666666666666666,1,22,C:\Users\josep\IdeaProjects\symphony\src\main\java\org\b3log\symphony\processor\ChatroomProcessor.java,50
symphony,org.b3log.symphony.processor,CityProcessor,6,0,2,2,166,14,0,0,0.0,1,12,C:\Users\josep\IdeaProjects\symphony\src\main\java\org\b3log\symphony\processor\CityProcessor.java,47
symphony,org.b3log.symphony.processor,CommentProcessor,10,0,10,10,351,35,0,0,0.3,1,25,C:\Users\josep\IdeaProjects\symphony\src\main\java\org\b3log\symphony\processor\CommentProcessor.java,48
symphony,org.b3log.symphony.processor,DomainProcessor,5,0,2,2,92,6,0,0,0.0,1,14,C:\Users\josep\IdeaProjects\symphony\src\main\java\org\b3log\symphony\processor\DomainProcessor.java,38
symphony,org.b3log.symphony.processor,ErrorProcessor,4,0,1,1,55,3,0,0,0.0,1,8,C:\Users\josep\IdeaProjects\symphony\src\main\java\org\b3log\symphony\processor\ErrorProcessor.java,42
symphony,org.b3log.symphony.processor,FeedProcessor,6,0,3,2,130,7,0,0,0.0,1,13,C:\Users\josep\IdeaProjects\symphony\src\main\java\org\b3log\symphony\processor\FeedProcessor.java,49
symphony,org.b3log.symphony.processor,FileUploadProcessor,2,0,5,5,260,23,0,0,0.4,4,8,C:\Users\josep\IdeaProjects\symphony\src\main\java\org\b3log\symphony\processor\FileUploadProcessor.java,62
symphony,org.b3log.symphony.processor,FollowProcessor,4,0,9,9,162,12,0,0,0.2222222222222222,1,10,C:\Users\josep\IdeaProjects\symphony\src\main\java\org\b3log\symphony\processor\FollowProcessor.java,41
symphony,org.b3log.symphony.processor,ForwardProcessor,2,0,1,1,43,4,0,0,0.0,1,8,C:\Users\josep\IdeaProjects\symphony\src\main\java\org\b3log\symphony\processor\ForwardProcessor.java,38
symphony,org.b3log.symphony.processor,IndexProcessor,5,0,11,11,0,39,0,0,0.36363636363636365,1,13,C:\Users\josep\IdeaProjects\symphony\src\main\java\org\b3log\symphony\processor\IndexProcessor.java,55
symphony,org.b3log.symphony.processor,LoginProcessor,15,1,13,13,534,52,0,0,0.23076923076923078,2,30,C:\Users\josep\IdeaProjects\symphony\src\main\java\org\b3log\symphony\processor\LoginProcessor.java,56
symphony,org.b3log.symphony.processor,NotificationProcessor,4,0,16,15,0,51,0,0,0.125,1,14,C:\Users\josep\IdeaProjects\symphony\src\main\java\org\b3log\symphony\processor\NotificationProcessor.java,44
symphony,org.b3log.symphony.processor,ReportProcessor,3,0,1,1,53,1,0,0,0.0,0,4,C:\Users\josep\IdeaProjects\symphony\src\main\java\org\b3log\symphony\processor\ReportProcessor.java,36
symphony,org.b3log.symphony.processor,Router,0,0,2,1,69,2,0,0,-1.0,1,32,C:\Users\josep\IdeaProjects\symphony\src\main\java\org\b3log\symphony\processor\Router.java,26
symphony,org.b3log.symphony.processor,SearchProcessor,5,0,1,1,105,12,0,0,0.0,1,11,C:\Users\josep\IdeaProjects\symphony\src\main\java\org\b3log\symphony\processor\SearchProcessor.java,46
symphony,org.b3log.symphony.processor,SettingsProcessor,18,0,18,18,0,58,0,0,0.1111111111111111,1,35,C:\Users\josep\IdeaProjects\symphony\src\main\java\org\b3log\symphony\processor\SettingsProcessor.java,54
symphony,org.b3log.symphony.processor,SitemapProcessor,2,0,1,1,31,1,0,0,0.0,1,2,C:\Users\josep\IdeaProjects\symphony\src\main\java\org\b3log\symphony\processor\SitemapProcessor.java,30
symphony,org.b3log.symphony.processor,SkinRenderer,2,0,7,2,106,11,0,0,0.2857142857142857,18,4,C:\Users\josep\IdeaProjects\symphony\src\main\java\org\b3log\symphony\processor\SkinRenderer.java,41
symphony,org.b3log.symphony.processor,StatisticProcessor,15,0,2,2,143,5,0,0,0.0,2,9,C:\Users\josep\IdeaProjects\symphony\src\main\java\org\b3log\symphony\processor\StatisticProcessor.java,41
symphony,org.b3log.symphony.processor,TagProcessor,5,0,4,4,0,17,0,0,0.5,1,16,C:\Users\josep\IdeaProjects\symphony\src\main\java\org\b3log\symphony\processor\TagProcessor.java,46
symphony,org.b3log.symphony.processor,TopProcessor,5,0,6,6,115,6,0,0,0.3333333333333333,1,9,C:\Users\josep\IdeaProjects\symphony\src\main\java\org\b3log\symphony\processor\TopProcessor.java,35
symphony,org.b3log.symphony.processor,UserProcessor,16,0,15,14,684,59,0,0,0.2,2,32,C:\Users\josep\IdeaProjects\symphony\src\main\java\org\b3log\symphony\processor\UserProcessor.java,44
symphony,org.b3log.symphony.processor,VoteProcessor,7,0,5,5,159,15,0,0,0.4,1,15,C:\Users\josep\IdeaProjects\symphony\src\main\java\org\b3log\symphony\processor\VoteProcessor.java,40
symphony,org.b3log.symphony.processor.channel,ArticleChannel,3,2,7,6,198,25,0,0,0.2857142857142857,5,10,C:\Users\josep\IdeaProjects\symphony\src\main\java\org\b3log\symphony\processor\channel\ArticleChannel.java,47
symphony,org.b3log.symphony.processor.channel,ArticleListChannel,1,1,5,5,59,8,0,0,0.4,5,1,C:\Users\josep\IdeaProjects\symphony\src\main\java\org\b3log\symphony\processor\channel\ArticleListChannel.java,30
symphony,org.b3log.symphony.processor.channel,ChatroomChannel,1,1,6,5,77,9,0,0,0.3333333333333333,4,1,C:\Users\josep\IdeaProjects\symphony\src\main\java\org\b3log\symphony\processor\channel\ChatroomChannel.java,31
symphony,org.b3log.symphony.processor.channel,GobangChannel,6,4,7,4,312,42,0,0,0.0,1,3,C:\Users\josep\IdeaProjects\symphony\src\main\java\org\b3log\symphony\processor\channel\GobangChannel.java,40
symphony,org.b3log.symphony.processor.channel,GobangChannel.ChessGame,11,0,0,0,180,0,0,0,-1.0,0,0,C:\Users\josep\IdeaProjects\symphony\src\main\java\org\b3log\symphony\processor\channel\GobangChannel.java,390
symphony,org.b3log.symphony.processor.channel,UserChannel,1,1,6,5,107,15,0,0,0.3333333333333333,3,3,C:\Users\josep\IdeaProjects\symphony\src\main\java\org\b3log\symphony\processor\channel\UserChannel.java,38
symphony,org.b3log.symphony.processor.middleware,AnonymousViewCheckMidware,5,0,3,1,127,19,0,0,0.0,7,8,C:\Users\josep\IdeaProjects\symphony\src\main\java\org\b3log\symphony\processor\middleware\AnonymousViewCheckMidware.java,46
symphony,org.b3log.symphony.processor.middleware,CSRFMidware,1,0,2,2,40,5,0,0,1.0,7,3,C:\Users\josep\IdeaProjects\symphony\src\main\java\org\b3log\symphony\processor\middleware\CSRFMidware.java,35
symphony,org.b3log.symphony.processor.middleware,LoginCheckMidware,0,0,1,1,26,3,0,0,-1.0,13,2,C:\Users\josep\IdeaProjects\symphony\src\main\java\org\b3log\symphony\processor\middleware\LoginCheckMidware.java,27
symphony,org.b3log.symphony.processor.middleware,PermissionMidware,3,0,1,1,66,3,0,0,0.0,6,5,C:\Users\josep\IdeaProjects\symphony\src\main\java\org\b3log\symphony\processor\middleware\PermissionMidware.java,45
symphony,org.b3log.symphony.processor.middleware,UserCheckMidware,1,0,1,1,37,5,0,0,0.0,1,2,C:\Users\josep\IdeaProjects\symphony\src\main\java\org\b3log\symphony\processor\middleware\UserCheckMidware.java,28
symphony,org.b3log.symphony.processor.middleware.validate,Activity1A0001CollectValidationMidware,2,0,1,1,48,6,0,0,0.0,1,4,C:\Users\josep\IdeaProjects\symphony\src\main\java\org\b3log\symphony\processor\middleware\validate\Activity1A0001CollectValidationMidware.java,33
symphony,org.b3log.symphony.processor.middleware.validate,Activity1A0001ValidationMidware,3,0,1,1,83,10,0,0,0.0,1,6,C:\Users\josep\IdeaProjects\symphony\src\main\java\org\b3log\symphony\processor\middleware\validate\Activity1A0001ValidationMidware.java,35
symphony,org.b3log.symphony.processor.middleware.validate,ArticlePostValidationMidware,5,5,1,1,157,23,0,0,0.0,1,9,C:\Users\josep\IdeaProjects\symphony\src\main\java\org\b3log\symphony\processor\middleware\validate\ArticlePostValidationMidware.java,43
symphony,org.b3log.symphony.processor.middleware.validate,ChatMsgAddValidationMidware,3,0,1,1,45,4,0,0,0.0,1,7,C:\Users\josep\IdeaProjects\symphony\src\main\java\org\b3log\symphony\processor\middleware\validate\ChatMsgAddValidationMidware.java,37
symphony,org.b3log.symphony.processor.middleware.validate,CommentAddValidationMidware,0,0,1,1,58,8,0,0,-1.0,1,6,C:\Users\josep\IdeaProjects\symphony\src\main\java\org\b3log\symphony\processor\middleware\validate\CommentAddValidationMidware.java,35
symphony,org.b3log.symphony.processor.middleware.validate,CommentUpdateValidationMidware,4,0,1,1,46,3,0,0,0.0,1,5,C:\Users\josep\IdeaProjects\symphony\src\main\java\org\b3log\symphony\processor\middleware\validate\CommentUpdateValidationMidware.java,35
symphony,org.b3log.symphony.processor.middleware.validate,PointTransferValidationMidware,2,0,1,1,71,9,0,0,0.0,1,6,C:\Users\josep\IdeaProjects\symphony\src\main\java\org\b3log\symphony\processor\middleware\validate\PointTransferValidationMidware.java,38
symphony,org.b3log.symphony.processor.middleware.validate,UpdatePasswordValidationMidware,1,0,1,1,28,3,0,0,0.0,1,1,C:\Users\josep\IdeaProjects\symphony\src\main\java\org\b3log\symphony\processor\middleware\validate\UpdatePasswordValidationMidware.java,29
symphony,org.b3log.symphony.processor.middleware.validate,UpdateProfilesValidationMidware,5,4,2,1,117,17,0,0,0.0,1,5,C:\Users\josep\IdeaProjects\symphony\src\main\java\org\b3log\symphony\processor\middleware\validate\UpdateProfilesValidationMidware.java,39
symphony,org.b3log.symphony.processor.middleware.validate,UserForgetPwdValidationMidware,1,0,1,1,28,3,0,0,0.0,1,1,C:\Users\josep\IdeaProjects\symphony\src\main\java\org\b3log\symphony\processor\middleware\validate\UserForgetPwdValidationMidware.java,30
symphony,org.b3log.symphony.processor.middleware.validate,UserRegister2ValidationMidware,4,0,2,2,54,5,0,0,0.0,3,3,C:\Users\josep\IdeaProjects\symphony\src\main\java\org\b3log\symphony\processor\middleware\validate\UserRegister2ValidationMidware.java,31
symphony,org.b3log.symphony.processor.middleware.validate,UserRegisterValidationMidware,12,2,3,3,171,22,0,0,0.6666666666666666,5,10,C:\Users\josep\IdeaProjects\symphony\src\main\java\org\b3log\symphony\processor\middleware\validate\UserRegisterValidationMidware.java,41
symphony,org.b3log.symphony.repository,ArticleRepository,1,0,6,6,64,9,0,0,0.6666666666666666,20,2,C:\Users\josep\IdeaProjects\symphony\src\main\java\org\b3log\symphony\repository\ArticleRepository.java,31
symphony,org.b3log.symphony.repository,BreezemoonRepository,0,0,1,1,14,1,0,0,-1.0,2,1,C:\Users\josep\IdeaProjects\symphony\src\main\java\org\b3log\symphony\repository\BreezemoonRepository.java,24
symphony,org.b3log.symphony.repository,CharacterRepository,0,0,1,1,14,1,0,0,-1.0,2,1,C:\Users\josep\IdeaProjects\symphony\src\main\java\org\b3log\symphony\repository\CharacterRepository.java,23
symphony,org.b3log.symphony.repository,CommentRepository,6,0,5,5,111,13,0,0,0.4,13,11,C:\Users\josep\IdeaProjects\symphony\src\main\java\org\b3log\symphony\repository\CommentRepository.java,32
symphony,org.b3log.symphony.repository,DomainRepository,0,0,3,3,34,3,0,0,-1.0,3,1,C:\Users\josep\IdeaProjects\symphony\src\main\java\org\b3log\symphony\repository\DomainRepository.java,25
symphony,org.b3log.symphony.repository,DomainTagRepository,0,0,4,4,47,4,0,0,-1.0,5,2,C:\Users\josep\IdeaProjects\symphony\src\main\java\org\b3log\symphony\repository\DomainTagRepository.java,27
symphony,org.b3log.symphony.repository,EmotionRepository,0,0,3,3,44,6,0,0,-1.0,3,1,C:\Users\josep\IdeaProjects\symphony\src\main\java\org\b3log\symphony\repository\EmotionRepository.java,27
symphony,org.b3log.symphony.repository,FollowRepository,0,0,5,5,68,6,0,0,-1.0,4,1,C:\Users\josep\IdeaProjects\symphony\src\main\java\org\b3log\symphony\repository\FollowRepository.java,29
symphony,org.b3log.symphony.repository,InvitecodeRepository,0,0,1,1,14,1,0,0,-1.0,2,1,C:\Users\josep\IdeaProjects\symphony\src\main\java\org\b3log\symphony\repository\InvitecodeRepository.java,24
symphony,org.b3log.symphony.repository,LinkRepository,1,0,2,2,34,2,0,0,1.0,2,1,C:\Users\josep\IdeaProjects\symphony\src\main\java\org\b3log\symphony\repository\LinkRepository.java,32
symphony,org.b3log.symphony.repository,LivenessRepository,0,0,3,3,33,3,0,0,-1.0,3,1,C:\Users\josep\IdeaProjects\symphony\src\main\java\org\b3log\symphony\repository\LivenessRepository.java,25
symphony,org.b3log.symphony.repository,NotificationRepository,1,0,4,4,50,4,0,0,1.0,8,1,C:\Users\josep\IdeaProjects\symphony\src\main\java\org\b3log\symphony\repository\NotificationRepository.java,27
symphony,org.b3log.symphony.repository,OperationRepository,0,0,1,1,14,1,0,0,-1.0,2,1,C:\Users\josep\IdeaProjects\symphony\src\main\java\org\b3log\symphony\repository\OperationRepository.java,24
symphony,org.b3log.symphony.repository,OptionRepository,1,0,4,4,39,6,0,0,0.5,11,2,C:\Users\josep\IdeaProjects\symphony\src\main\java\org\b3log\symphony\repository\OptionRepository.java,29
symphony,org.b3log.symphony.repository,PermissionRepository,0,0,1,1,14,1,0,0,-1.0,2,1,C:\Users\josep\IdeaProjects\symphony\src\main\java\org\b3log\symphony\repository\PermissionRepository.java,24
symphony,org.b3log.symphony.repository,PointtransferRepository,1,0,2,2,39,4,0,0,1.0,6,2,C:\Users\josep\IdeaProjects\symphony\src\main\java\org\b3log\symphony\repository\PointtransferRepository.java,31
symphony,org.b3log.symphony.repository,ReferralRepository,0,0,2,2,25,2,0,0,-1.0,1,1,C:\Users\josep\IdeaProjects\symphony\src\main\java\org\b3log\symphony\repository\ReferralRepository.java,25
symphony,org.b3log.symphony.repository,ReportRepository,0,0,1,1,14,1,0,0,-1.0,2,1,C:\Users\josep\IdeaProjects\symphony\src\main\java\org\b3log\symphony\repository\ReportRepository.java,24
symphony,org.b3log.symphony.repository,RevisionRepository,0,0,1,1,14,1,0,0,-1.0,4,1,C:\Users\josep\IdeaProjects\symphony\src\main\java\org\b3log\symphony\repository\RevisionRepository.java,24
symphony,org.b3log.symphony.repository,RewardRepository,0,0,2,2,22,2,0,0,-1.0,5,1,C:\Users\josep\IdeaProjects\symphony\src\main\java\org\b3log\symphony\repository\RewardRepository.java,24
symphony,org.b3log.symphony.repository,RolePermissionRepository,0,0,3,3,31,3,0,0,-1.0,3,2,C:\Users\josep\IdeaProjects\symphony\src\main\java\org\b3log\symphony\repository\RolePermissionRepository.java,28
symphony,org.b3log.symphony.repository,RoleRepository,0,0,1,1,14,1,0,0,-1.0,3,1,C:\Users\josep\IdeaProjects\symphony\src\main\java\org\b3log\symphony\repository\RoleRepository.java,24
symphony,org.b3log.symphony.repository,TagArticleRepository,0,0,4,4,47,5,0,0,-1.0,5,2,C:\Users\josep\IdeaProjects\symphony\src\main\java\org\b3log\symphony\repository\TagArticleRepository.java,29
symphony,org.b3log.symphony.repository,TagRepository,2,0,10,10,103,13,0,0,0.5,12,3,C:\Users\josep\IdeaProjects\symphony\src\main\java\org\b3log\symphony\repository\TagRepository.java,32
symphony,org.b3log.symphony.repository,TagTagRepository,0,0,4,4,58,4,0,0,-1.0,2,3,C:\Users\josep\IdeaProjects\symphony\src\main\java\org\b3log\symphony\repository\TagTagRepository.java,31
symphony,org.b3log.symphony.repository,UserRepository,1,0,7,7,91,13,0,0,0.42857142857142855,25,3,C:\Users\josep\IdeaProjects\symphony\src\main\java\org\b3log\symphony\repository\UserRepository.java,32
symphony,org.b3log.symphony.repository,UserRoleRepository,0,0,1,1,14,1,0,0,-1.0,0,1,C:\Users\josep\IdeaProjects\symphony\src\main\java\org\b3log\symphony\repository\UserRoleRepository.java,25
symphony,org.b3log.symphony.repository,UserTagRepository,0,0,4,4,49,4,0,0,-1.0,4,2,C:\Users\josep\IdeaProjects\symphony\src\main\java\org\b3log\symphony\repository\UserTagRepository.java,28
symphony,org.b3log.symphony.repository,VerifycodeRepository,0,0,1,1,14,1,0,0,-1.0,2,1,C:\Users\josep\IdeaProjects\symphony\src\main\java\org\b3log\symphony\repository\VerifycodeRepository.java,24
symphony,org.b3log.symphony.repository,VisitRepository,0,0,2,2,22,2,0,0,-1.0,2,1,C:\Users\josep\IdeaProjects\symphony\src\main\java\org\b3log\symphony\repository\VisitRepository.java,24
symphony,org.b3log.symphony.repository,VoteRepository,0,0,3,3,43,4,0,0,-1.0,3,1,C:\Users\josep\IdeaProjects\symphony\src\main\java\org\b3log\symphony\repository\VoteRepository.java,29
symphony,org.b3log.symphony,Server,2,1,1,1,154,11,0,0,0.0,4,16,C:\Users\josep\IdeaProjects\symphony\src\main\java\org\b3log\symphony\Server.java,40
symphony,org.b3log.symphony,RepositoryJSONGen,0,0,1,1,11,1,0,0,-1.0,0,0,C:\Users\josep\IdeaProjects\symphony\src\test\java\org\b3log\symphony\RepositoryJSONGen.java,25
symphony,org.b3log.symphony.service,ActivityMgmtService,11,0,9,9,394,40,0,0,0.0,2,16,C:\Users\josep\IdeaProjects\symphony\src\main\java\org\b3log\symphony\service\ActivityMgmtService.java,52
symphony,org.b3log.symphony.service,ActivityQueryService,5,0,8,8,175,17,0,0,0.0,6,6,C:\Users\josep\IdeaProjects\symphony\src\main\java\org\b3log\symphony\service\ActivityQueryService.java,41
symphony,org.b3log.symphony.service,ArticleMgmtService,26,0,20,15,1352,161,0,0,0.1,6,43,C:\Users\josep\IdeaProjects\symphony\src\main\java\org\b3log\symphony\service\ArticleMgmtService.java,51
symphony,org.b3log.symphony.service,ArticleQueryService,16,0,43,31,0,172,0,0,0.0,21,31,C:\Users\josep\IdeaProjects\symphony\src\main\java\org\b3log\symphony\service\ArticleQueryService.java,60
symphony,org.b3log.symphony.service,AudioMgmtService,5,0,4,2,166,15,0,0,0.0,1,2,C:\Users\josep\IdeaProjects\symphony\src\main\java\org\b3log\symphony\service\AudioMgmtService.java,47
symphony,org.b3log.symphony.service,AvatarQueryService,1,1,4,4,122,21,0,0,0.5,17,3,C:\Users\josep\IdeaProjects\symphony\src\main\java\org\b3log\symphony\service\AvatarQueryService.java,32
symphony,org.b3log.symphony.service,BreezemoonMgmtService,5,0,3,3,115,8,0,0,0.0,2,5,C:\Users\josep\IdeaProjects\symphony\src\main\java\org\b3log\symphony\service\BreezemoonMgmtService.java,36
symphony,org.b3log.symphony.service,BreezemoonQueryService,6,0,6,6,249,18,0,0,0.0,4,12,C:\Users\josep\IdeaProjects\symphony\src\main\java\org\b3log\symphony\service\BreezemoonQueryService.java,50
symphony,org.b3log.symphony.service,CacheMgmtService,8,0,4,3,116,8,0,0,0.0,1,12,C:\Users\josep\IdeaProjects\symphony\src\main\java\org\b3log\symphony\service\CacheMgmtService.java,41
symphony,org.b3log.symphony.service,CharacterQueryService,3,0,10,6,199,23,0,0,0.0,2,2,C:\Users\josep\IdeaProjects\symphony\src\main\java\org\b3log\symphony\service\CharacterQueryService.java,37
symphony,org.b3log.symphony.service,CommentMgmtService,16,0,7,7,496,49,0,0,0.0,4,29,C:\Users\josep\IdeaProjects\symphony\src\main\java\org\b3log\symphony\service\CommentMgmtService.java,47
symphony,org.b3log.symphony.service,CommentQueryService,13,0,19,13,647,55,0,0,0.0,13,18,C:\Users\josep\IdeaProjects\symphony\src\main\java\org\b3log\symphony\service\CommentQueryService.java,48
symphony,org.b3log.symphony.service,CommentQueryService.commentInfo,4,0,0,0,30,0,0,0,-1.0,0,0,C:\Users\josep\IdeaProjects\symphony\src\main\java\org\b3log\symphony\service\CommentQueryService.java,874
symphony,org.b3log.symphony.service,CronMgmtService,11,0,2,2,131,2,0,0,1.0,1,11,C:\Users\josep\IdeaProjects\symphony\src\main\java\org\b3log\symphony\service\CronMgmtService.java,30
symphony,org.b3log.symphony.service,DataModelService,14,0,20,8,0,32,0,0,0.2,18,27,C:\Users\josep\IdeaProjects\symphony\src\main\java\org\b3log\symphony\service\DataModelService.java,45
symphony,org.b3log.symphony.service,DomainMgmtService,5,0,5,5,135,6,0,0,0.0,1,7,C:\Users\josep\IdeaProjects\symphony\src\main\java\org\b3log\symphony\service\DomainMgmtService.java,40
symphony,org.b3log.symphony.service,DomainQueryService,5,0,8,8,240,27,0,0,0.0,5,7,C:\Users\josep\IdeaProjects\symphony\src\main\java\org\b3log\symphony\service\DomainQueryService.java,43
symphony,org.b3log.symphony.service,EmotionMgmtService,2,0,1,1,52,4,0,0,0.0,2,3,C:\Users\josep\IdeaProjects\symphony\src\main\java\org\b3log\symphony\service\EmotionMgmtService.java,37
symphony,org.b3log.symphony.service,EmotionQueryService,3,0,1,1,39,2,0,0,0.0,2,1,C:\Users\josep\IdeaProjects\symphony\src\main\java\org\b3log\symphony\service\EmotionQueryService.java,29
symphony,org.b3log.symphony.service,FollowMgmtService,4,0,10,9,228,26,0,0,0.0,3,6,C:\Users\josep\IdeaProjects\symphony\src\main\java\org\b3log\symphony\service\FollowMgmtService.java,35
symphony,org.b3log.symphony.service,FollowQueryService,6,0,11,9,345,24,0,0,0.0,10,7,C:\Users\josep\IdeaProjects\symphony\src\main\java\org\b3log\symphony\service\FollowQueryService.java,41
symphony,org.b3log.symphony.service,InitMgmtService,17,0,1,1,512,9,0,0,0.0,1,17,C:\Users\josep\IdeaProjects\symphony\src\main\java\org\b3log\symphony\service\InitMgmtService.java,42
symphony,org.b3log.symphony.service,InvitecodeMgmtService,2,0,4,4,118,9,0,0,0.0,4,4,C:\Users\josep\IdeaProjects\symphony\src\main\java\org\b3log\symphony\service\InvitecodeMgmtService.java,38
symphony,org.b3log.symphony.service,InvitecodeQueryService,2,0,5,5,105,5,0,0,0.0,4,2,C:\Users\josep\IdeaProjects\symphony\src\main\java\org\b3log\symphony\service\InvitecodeQueryService.java,37
symphony,org.b3log.symphony.service,LinkMgmtService,4,0,4,2,165,10,0,0,0.0,1,5,C:\Users\josep\IdeaProjects\symphony\src\main\java\org\b3log\symphony\service\LinkMgmtService.java,41
symphony,org.b3log.symphony.service,LinkMgmtService.CheckTask,2,0,0,0,59,0,0,0,-1.0,0,3,C:\Users\josep\IdeaProjects\symphony\src\main\java\org\b3log\symphony\service\LinkMgmtService.java,157
symphony,org.b3log.symphony.service,LinkQueryService,3,0,1,1,36,1,0,0,0.0,1,2,C:\Users\josep\IdeaProjects\symphony\src\main\java\org\b3log\symphony\service\LinkQueryService.java,32
symphony,org.b3log.symphony.service,LivenessMgmtService,2,0,1,1,52,2,0,0,0.0,5,2,C:\Users\josep\IdeaProjects\symphony\src\main\java\org\b3log\symphony\service\LivenessMgmtService.java,34
symphony,org.b3log.symphony.service,LivenessQueryService,2,0,2,2,57,3,0,0,0.0,3,2,C:\Users\josep\IdeaProjects\symphony\src\main\java\org\b3log\symphony\service\LivenessQueryService.java,35
symphony,org.b3log.symphony.service,MailMgmtService,9,0,1,1,119,10,0,0,0.0,1,12,C:\Users\josep\IdeaProjects\symphony\src\main\java\org\b3log\symphony\service\MailMgmtService.java,44
symphony,org.b3log.symphony.service,NotificationMgmtService,2,0,40,39,632,43,0,0,0.05,17,6,C:\Users\josep\IdeaProjects\symphony\src\main\java\org\b3log\symphony\service\NotificationMgmtService.java,41
symphony,org.b3log.symphony.service,NotificationQueryService,13,0,13,13,0,66,0,0,0.0,3,21,C:\Users\josep\IdeaProjects\symphony\src\main\java\org\b3log\symphony\service\NotificationQueryService.java,42
symphony,org.b3log.symphony.service,OperationMgmtService,2,0,1,1,28,1,0,0,0.0,1,1,C:\Users\josep\IdeaProjects\symphony\src\main\java\org\b3log\symphony\service\OperationMgmtService.java,29
symphony,org.b3log.symphony.service,OperationQueryService,4,0,1,1,74,2,0,0,0.0,1,4,C:\Users\josep\IdeaProjects\symphony\src\main\java\org\b3log\symphony\service\OperationQueryService.java,42
symphony,org.b3log.symphony.service,OptionMgmtService,2,0,3,3,68,6,0,0,0.0,1,1,C:\Users\josep\IdeaProjects\symphony\src\main\java\org\b3log\symphony\service\OptionMgmtService.java,30
symphony,org.b3log.symphony.service,OptionQueryService,3,0,9,9,177,17,0,0,0.0,20,6,C:\Users\josep\IdeaProjects\symphony\src\main\java\org\b3log\symphony\service\OptionQueryService.java,42
symphony,org.b3log.symphony.service,PointtransferMgmtService,3,0,1,1,78,6,0,0,0.0,11,4,C:\Users\josep\IdeaProjects\symphony\src\main\java\org\b3log\symphony\service\PointtransferMgmtService.java,33
symphony,org.b3log.symphony.service,PointtransferQueryService,8,0,4,4,0,67,0,0,0.0,6,15,C:\Users\josep\IdeaProjects\symphony\src\main\java\org\b3log\symphony\service\PointtransferQueryService.java,41
symphony,org.b3log.symphony.service,PostExportService,5,0,1,1,124,6,0,0,0.0,1,10,C:\Users\josep\IdeaProjects\symphony\src\main\java\org\b3log\symphony\service\PostExportService.java,57
symphony,org.b3log.symphony.service,ReferralMgmtService,2,0,1,1,50,3,0,0,0.0,1,2,C:\Users\josep\IdeaProjects\symphony\src\main\java\org\b3log\symphony\service\ReferralMgmtService.java,32
symphony,org.b3log.symphony.service,ReportMgmtService,5,0,3,3,82,4,0,0,0.0,2,6,C:\Users\josep\IdeaProjects\symphony\src\main\java\org\b3log\symphony\service\ReportMgmtService.java,35
symphony,org.b3log.symphony.service,ReportQueryService,7,0,1,1,0,16,0,0,0.0,1,12,C:\Users\josep\IdeaProjects\symphony\src\main\java\org\b3log\symphony\service\ReportQueryService.java,50
symphony,org.b3log.symphony.service,RevisionQueryService,4,0,3,3,155,13,0,0,0.0,3,8,C:\Users\josep\IdeaProjects\symphony\src\main\java\org\b3log\symphony\service\RevisionQueryService.java,42
symphony,org.b3log.symphony.service,RewardMgmtService,2,0,1,1,32,1,0,0,0.0,2,1,C:\Users\josep\IdeaProjects\symphony\src\main\java\org\b3log\symphony\service\RewardMgmtService.java,31
symphony,org.b3log.symphony.service,RewardQueryService,2,0,2,2,58,2,0,0,0.0,5,2,C:\Users\josep\IdeaProjects\symphony\src\main\java\org\b3log\symphony\service\RewardQueryService.java,32
symphony,org.b3log.symphony.service,RoleMgmtService,4,0,3,3,77,6,0,0,0.0,1,5,C:\Users\josep\IdeaProjects\symphony\src\main\java\org\b3log\symphony\service\RoleMgmtService.java,40
symphony,org.b3log.symphony.service,RoleQueryService,6,0,11,11,278,25,0,0,0.0,15,6,C:\Users\josep\IdeaProjects\symphony\src\main\java\org\b3log\symphony\service\RoleQueryService.java,42
symphony,org.b3log.symphony.service,SearchMgmtService,2,1,6,6,189,19,0,0,0.0,5,3,C:\Users\josep\IdeaProjects\symphony\src\main\java\org\b3log\symphony\service\SearchMgmtService.java,37
symphony,org.b3log.symphony.service,SearchQueryService,1,0,2,2,114,5,0,0,0.0,1,3,C:\Users\josep\IdeaProjects\symphony\src\main\java\org\b3log\symphony\service\SearchQueryService.java,32
symphony,org.b3log.symphony.service,ShortLinkQueryService,3,0,1,1,90,11,0,0,0.0,10,2,C:\Users\josep\IdeaProjects\symphony\src\main\java\org\b3log\symphony\service\ShortLinkQueryService.java,41
symphony,org.b3log.symphony.service,SitemapQueryService,3,0,3,3,69,5,0,0,1.0,1,5,C:\Users\josep\IdeaProjects\symphony\src\main\java\org\b3log\symphony\service\SitemapQueryService.java,42
symphony,org.b3log.symphony.service,TagMgmtService,12,0,6,4,268,23,0,0,0.0,3,15,C:\Users\josep\IdeaProjects\symphony\src\main\java\org\b3log\symphony\service\TagMgmtService.java,42
symphony,org.b3log.symphony.service,TagQueryService,10,0,16,16,454,52,0,0,0.1875,8,14,C:\Users\josep\IdeaProjects\symphony\src\main\java\org\b3log\symphony\service\TagQueryService.java,44
symphony,org.b3log.symphony.service,UserMgmtService,15,0,11,10,630,49,0,0,0.0,15,26,C:\Users\josep\IdeaProjects\symphony\src\main\java\org\b3log\symphony\service\UserMgmtService.java,57
symphony,org.b3log.symphony.service,UserQueryService,7,1,19,19,473,44,0,0,0.15789473684210525,37,11,C:\Users\josep\IdeaProjects\symphony\src\main\java\org\b3log\symphony\service\UserQueryService.java,47
symphony,org.b3log.symphony.service,VerifycodeMgmtService,4,0,4,4,0,9,0,0,0.0,3,5,C:\Users\josep\IdeaProjects\symphony\src\main\java\org\b3log\symphony\service\VerifycodeMgmtService.java,41
symphony,org.b3log.symphony.service,VerifycodeQueryService,2,0,2,2,48,2,0,0,0.0,2,2,C:\Users\josep\IdeaProjects\symphony\src\main\java\org\b3log\symphony\service\VerifycodeQueryService.java,31
symphony,org.b3log.symphony.service,VisitMgmtService,2,0,2,2,60,5,0,0,0.0,2,3,C:\Users\josep\IdeaProjects\symphony\src\main\java\org\b3log\symphony\service\VisitMgmtService.java,36
symphony,org.b3log.symphony.service,VoteMgmtService,6,0,8,3,271,36,0,0,0.0,1,9,C:\Users\josep\IdeaProjects\symphony\src\main\java\org\b3log\symphony\service\VoteMgmtService.java,40
symphony,org.b3log.symphony.service,VoteQueryService,4,0,2,2,79,7,0,0,0.0,2,6,C:\Users\josep\IdeaProjects\symphony\src\main\java\org\b3log\symphony\service\VoteQueryService.java,37
symphony,org.b3log.symphony.util,Emotions,2,0,7,6,93,12,0,0,0.5714285714285714,18,0,C:\Users\josep\IdeaProjects\symphony\src\main\java\org\b3log\symphony\util\Emotions.java,25
symphony,org.b3log.symphony.util,Escapes,0,0,4,3,41,6,0,0,-1.0,13,0,C:\Users\josep\IdeaProjects\symphony\src\main\java\org\b3log\symphony\util\Escapes.java,25
symphony,org.b3log.symphony.util,Geos,1,0,3,1,111,10,0,0,0.6666666666666666,2,2,C:\Users\josep\IdeaProjects\symphony\src\main\java\org\b3log\symphony\util\Geos.java,33
symphony,org.b3log.symphony.util,Gravatars,2,0,2,1,44,4,0,0,1.0,1,0,C:\Users\josep\IdeaProjects\symphony\src\main\java\org\b3log\symphony\util\Gravatars.java,29
symphony,org.b3log.symphony.util,Headers,0,0,4,3,58,7,0,0,-1.0,6,1,C:\Users\josep\IdeaProjects\symphony\src\main\java\org\b3log\symphony\util\Headers.java,25
symphony,org.b3log.symphony.util,Images,0,0,2,1,37,6,0,0,-1.0,2,2,C:\Users\josep\IdeaProjects\symphony\src\main\java\org\b3log\symphony\util\Images.java,22
symphony,org.b3log.symphony.util,JSONs,0,0,3,2,29,3,0,0,-1.0,13,0,C:\Users\josep\IdeaProjects\symphony\src\main\java\org\b3log\symphony\util\JSONs.java,26
symphony,org.b3log.symphony.util,Languages,1,0,2,1,24,2,0,0,1.0,1,0,C:\Users\josep\IdeaProjects\symphony\src\main\java\org\b3log\symphony\util\Languages.java,24
symphony,org.b3log.symphony.util,Links,2,0,2,1,105,3,0,0,1.0,1,3,C:\Users\josep\IdeaProjects\symphony\src\main\java\org\b3log\symphony\util\Links.java,42
symphony,org.b3log.symphony.util,Links.Spider,1,0,0,0,71,0,0,0,-1.0,0,3,C:\Users\josep\IdeaProjects\symphony\src\main\java\org\b3log\symphony\util\Links.java,92
symphony,org.b3log.symphony.util,Mails,5,2,8,2,0,31,0,0,0.25,2,3,C:\Users\josep\IdeaProjects\symphony\src\main\java\org\b3log\symphony\util\Mails.java,48
symphony,org.b3log.symphony.util,Mails.MailSender,16,3,0,0,147,0,0,0,-1.0,0,1,C:\Users\josep\IdeaProjects\symphony\src\main\java\org\b3log\symphony\util\Mails.java,410
symphony,org.b3log.symphony.util,Mails.MailSenderHolder,1,0,0,0,3,0,0,0,-1.0,0,0,C:\Users\josep\IdeaProjects\symphony\src\main\java\org\b3log\symphony\util\Mails.java,608
symphony,org.b3log.symphony.util,Markdowns,7,1,10,4,318,55,0,0,0.3,18,6,C:\Users\josep\IdeaProjects\symphony\src\main\java\org\b3log\symphony\util\Markdowns.java,59
symphony,org.b3log.symphony.util,MediaPlayers,7,1,5,4,108,13,0,0,0.8,6,0,C:\Users\josep\IdeaProjects\symphony\src\main\java\org\b3log\symphony\util\MediaPlayers.java,27
symphony,org.b3log.symphony.util,Networks,1,0,3,1,36,3,0,0,0.6666666666666666,1,0,C:\Users\josep\IdeaProjects\symphony\src\main\java\org\b3log\symphony\util\Networks.java,27
symphony,org.b3log.symphony.util,Pangu,11,0,2,2,59,3,0,0,1.0,3,0,C:\Users\josep\IdeaProjects\symphony\src\main\java\org\b3log\symphony\util\Pangu.java,9
symphony,org.b3log.symphony.util,Results,0,0,3,2,27,3,0,0,-1.0,3,1,C:\Users\josep\IdeaProjects\symphony\src\main\java\org\b3log\symphony\util\Results.java,23
symphony,org.b3log.symphony.util,Runes,0,0,3,2,38,5,0,0,-1.0,2,0,C:\Users\josep\IdeaProjects\symphony\src\main\java\org\b3log\symphony\util\Runes.java,26
symphony,org.b3log.symphony.util,Sessions,6,2,21,19,374,53,0,0,0.09523809523809523,39,6,C:\Users\josep\IdeaProjects\symphony\src\main\java\org\b3log\symphony\util\Sessions.java,45
symphony,org.b3log.symphony.util,StatusCodes,3,3,0,0,20,0,0,0,-1.0,21,0,C:\Users\josep\IdeaProjects\symphony\src\main\java\org\b3log\symphony\util\StatusCodes.java,20
symphony,org.b3log.symphony.util,Symphonys,141,139,12,6,779,19,0,0,0.5833333333333334,74,4,C:\Users\josep\IdeaProjects\symphony\src\main\java\org\b3log\symphony\util\Symphonys.java,50
symphony,org.b3log.symphony.util,Templates,3,1,2,1,54,2,0,0,1.0,3,0,C:\Users\josep\IdeaProjects\symphony\src\main\java\org\b3log\symphony\util\Templates.java,31
symphony,org.b3log.symphony.util,Tesseracts,0,0,2,1,27,2,0,0,-1.0,1,0,C:\Users\josep\IdeaProjects\symphony\src\main\java\org\b3log\symphony\util\Tesseracts.java,28
symphony,org.b3log.symphony.util,ElasticsearchTestCase,0,0,2,2,32,2,0,0,-1.0,0,1,C:\Users\josep\IdeaProjects\symphony\src\test\java\org\b3log\symphony\util\ElasticsearchTestCase.java,29
symphony,org.b3log.symphony.util,PanguTestCase,0,0,1,1,12,1,0,0,-1.0,0,1,C:\Users\josep\IdeaProjects\symphony\src\test\java\org\b3log\symphony\util\PanguTestCase.java,23
symphony,org.b3log.symphony.util,RedditScoreTest,0,0,2,1,32,4,0,0,-1.0,0,0,C:\Users\josep\IdeaProjects\symphony\src\test\java\org\b3log\symphony\util\RedditScoreTest.java,27
symphony,org.b3log.symphony.util,RedditScoreTest.vote,4,0,0,0,46,0,0,0,-1.0,0,0,C:\Users\josep\IdeaProjects\symphony\src\test\java\org\b3log\symphony\util\RedditScoreTest.java,64
symphony,org.b3log.symphony.util,XSSTestCase,0,0,1,1,19,1,0,0,-1.0,0,0,C:\Users\josep\IdeaProjects\symphony\src\test\java\org\b3log\symphony\util\XSSTestCase.java,27
